0,臺北市 補助金 
1,臺北市 
2,海砂屋 
3,
4,建築物 時效性 
5,
6,營造業 
7,營造業 
8,
9,營造業 
10,營造業 
11,建築師 
12,營造業 資本額 
13,建築師 事務所 
14,臺北市 
15,524 
16,臺北市 傳播局 
17,電扶梯 
18,電扶梯 
19,捷運線 電聯車 
20,臺北市 補助金 
21,臺北市 
22,海砂屋 
23,
24,建築物 時效性 
25,
26,營造業 
27,營造業 
28,
29,營造業 
30,營造業 
31,建築師 
32,營造業 資本額 
33,建築師 事務所 
34,臺北市 
35,524 
36,臺北市 傳播局 
37,電扶梯 
38,電扶梯 
39,捷運線 電聯車 
40,電扶梯 
41,新莊線 蘆洲線 東延段 碧潭站 電聯車 電聯車 
42,環狀線 
43,月台門 
44,文湖線 電聯車 淡水線 電聯車 腳踏車 
45,文湖線 
46,文湖線 電聯車 
47,臺北市 
48,臺北市 萬華區 貴陽街 河南路 西園路 108 
49,清運點 收受點 
50,垃圾袋 
51,
52,108 垃圾袋 其互收 
53,垃圾袋 
54,臺北市 
55,
56,行政院 管理法 
57,社會局 
58,
59,停車格 
60,
61,行政院 
62,垃圾袋 
63,
64,
65,會不會 畸形兒 
66,併發症 
67,
68,潛伏期 感染期 
69,
70,
71,
72,臺北市 
73,
74,研習營 
75,國樂團 音樂會 
76,國樂團 出版品 
77,
78,TCO 
79,國樂團 
80,
81,
82,臺北市 電動車 牌照稅 
83,
84,
85,
86,
87,停車單 
88,
89,
90,pay 
91,
92,pay APP 停車費 
93,
94,一覽表 
95,pay 
96,pay 
97,
98,停車單 
99,pay APP 
100,pay 
101,臺北市 
102,停車費 
103,海芋季 
104,海芋季 
105,海芋季 
106,海芋季 
107,海芋季 
108,
109,搭車會 
110,海芋季 竹子湖 
111,海芋季 
112,海芋季 哺乳室 
113,海芋季 竹子湖 
114,海芋季 竹子湖 
115,斜坡道 
116,臺北市 108 
117,臺北市 
118,HPV 
119,HPV 台北市 學生證 
120,
121,關懷包 
122,臺北市 
123,HPV 
124,HPV 
125,第一劑 臺北市 
126,
127,常備兵 
128,
129,青發處 
130,替代役 替代役 
131,游泳池 
132,
133,
134,臺北市 
135,游泳池 管轄權 教育局 
136,臺北市 
137,
138,飲用水 
139,臺北市 
140,
141,
142,
143,臺北市 
144,臺北市 
145,臺北市 教育局 
146,
147,臺北市 
148,101 學年度 午餐費 
149,提供給 
150,公私立 幼兒園 教育費 
151,特教科 
152,第三胎 補助金 
153,
154,建築物 所有人 應如合 
155,市政府 
156,三三一 九二一 
157,
158,
159,
160,建築師 
161,建築師 
162,建築師 
163,
164,
165,
166,
167,
168,
169,天花板 
170,
171,建築物 
172,
173,
174,應備何 
175,環保局 
176,
177,
178,旅遊卡 約聘僱 
179,HPV 
180,紀錄卡 
181,HPV 
182,HPV 
183,HPV 生殖器 
184,HPV 子宮頸 
185,HPV 
186,HPV 
187,HPV HPV 
188,HPV 
189,HPV HPV 
190,HPV 
191,HPV 人類乳 
192,HPV 人類乳 
193,
194,HPV 
195,HPV 副作用 
196,HPV 有什麼 副作用 
197,血小板 抗凝血 HPV 
198,HPV 
199,HPV 
200,HPV 
201,HPV 保護力 
202,
203,HPV 
204,107 HPV 
205,HPV 
206,HPV 衛生局 通知到 看門診 
207,HPV 
208,臺北市 HPV 
209,臺北市 HPV 
210,
211,臺北市 
212,臺北市 
213,臺北市 
214,臺北市 
215,臺北市 
216,臺北市 廢四機 
217,臺北市 環保署 廢四機 第三聯 
218,臺北市 廢四機 
219,臺北市 廢四機 
220,107 經濟部 能源局 
221,104 臺北市 
222,外縣市 台北市 電冰箱 臺北市 
223,臺北市 電冰箱 熱水器 洗衣機 
224,臺北市 
225,臺北市 廢四機 
226,臺北市 服務業 
227,滿三歲 小朋友 幼兒園 
228,看護工 
229,看護工 
230,看護工 證明書 衛生局 
231,看護工 臺北市 
232,
233,幼兒園 
234,幼兒園 
235,幼兒園 
236,幼兒園 
237,臺北市 臺北市 幼兒園 
238,幼兒園 
239,幼兒園 
240,計程車 
241,計程車 
242,臺北市 悠遊卡 悠遊卡 悠遊卡 
243,計程車 
244,
245,悠遊卡 計程車 
246,480 還可以 悠遊卡 
247,悠遊卡 市政府 
248,
249,悠遊卡 
250,臺北市 敬老卡 愛心卡 計程車 
251,
252,108 新措施 
253,108 學年度 
254,幼兒園 
255,養豬戶 清潔隊 
256,要不要 
257,
258,
259,性霸凌 
260,
261,
262,申請人 行為人 
263,當事人 
264,
265,
266,之處裡 
267,行為人 
268,
269,申請人 
270,當事人 
271,
272,行為人 
273,
274,行為人 
275,行為人 
276,行為人 調查權 
277,
278,
279,行為人 
280,
281,
282,
283,
284,行為人 調查權 
285,
286,
287,
288,行為人 代理人 
289,行為人 
290,
291,
292,pay 
293,臺北市 
294,自來水 
295,自來水 
296,自來水 
297,水龍頭 自來水 
298,自來水 沉澱物 
299,自來水 
300,腸病毒 禽流感 自來水 
301,電解水 
302,臺北市 
303,超音波 
304,申請表 
305,停車位 識別證 
306,108 有多少 
307,
308,
309,
310,
311,
312,
313,
314,
315,
316,
317,通知單 
318,
319,
320,
321,
322,通知單 
323,臺北市 
324,
325,
326,
327,
328,
329,108 
330,108 
331,107 臺北市 社會局 
332,
333,
334,有什麼 
335,
336,亞洲盃 射箭賽 第二站 排名賽 
337,公開賽 
338,臺北市 獎勵金 
339,青少年 公開賽 
340,公開賽 
341,公開賽 
342,公開賽 
343,EMS 
344,
345,臺北市 
346,
347,Q01 
348,大巨蛋 
349,沒辦法 大巨蛋 
350,大巨蛋 
351,營造業 委員會 
352,大巨蛋 
353,
354,大巨蛋 
355,住家門 障礙物 停車位 
356,應向何 
357,原住民 應向何 
358,通知單 
359,委員會 並向何 
360,信義區 
361,
362,
363,
364,區公所 第六類 
365,
366,
367,
368,第六類 區公所 所得稅 健保費 扣除額 要向何 
369,新生兒 生效日 
370,繳款單 
371,臺北市 健保費 
372,
373,
374,
375,
376,
377,健保費 
378,
379,
380,區公所 
381,
382,
383,台北市 社會局 
384,應向何 
385,
386,上班日 
387,休息日 
388,上班日 休息日 例假日 
389,臺北市 轉運站 
390,
391,
392,
393,
394,市政府 監視器 
395,
396,APP APP 
397,臺北市 
398,臺北市 
399,臺北市 
400,臺北市 公私立 學生數 教職員 學生數 
401,臺北市 教育局 
402,臺北市 高中職 
403,臺北市 
404,臺北市 中小學 
405,108 二行程 
406,108 二行程 
407,開發案 大規模 
408,
409,
410,
411,
412,
413,掛號費 
414,保險費 
415,
416,
417,
418,廢棄物 廢棄物 非事業 廢棄物 
419,臺北市 
420,臺北市 
421,臺北市 
422,臺北市 
423,臺北市 
424,臺北市 
425,
426,不想養 
427,獎金制 
428,
429,
430,
431,
432,
433,
434,養豬場 
435,
436,養豬場 養豬場 
437,
438,
439,
440,漂白水 混合液 
441,
442,
443,
444,
445,
446,莫過於 養豬業 養豬業 
447,
448,
449,
450,
451,
452,
453,傳染給 
454,
455,畜牧場 
456,
457,傳染給 
458,嘔吐物 
459,
460,台灣人 
461,台灣人 
462,
463,傳染給 
464,
465,
466,
467,
468,會不會 
469,
470,臺北市 有沒有 
471,
472,
473,
474,監視器 
475,
476,
477,
478,病毒性 腸胃炎 
479,
480,
481,
482,
483,
484,
485,
486,
487,
488,
489,
490,鏈球菌 
491,鏈球菌 
492,鏈球菌 
493,鏈球菌 
494,哪一種 鏈球菌 
495,鏈球菌 
496,鏈球菌 
497,鏈球菌 
498,鏈球菌 
499,
500,
501,
502,
503,
504,
505,
506,
507,補助款 
508,環保局 
509,我的車 監理所 
510,
511,白牌車 貨運業 
512,檢驗站 
513,外縣市 
514,
515,
516,行道樹 
517,行道樹 
518,行道樹 
519,需向何 
520,
521,
522,
523,音樂台 
524,
525,行道樹 
526,管轄權 
527,行道樹 芒果樹 
528,行道樹 
529,預定地 
530,
531,
532,
533,防火巷 
534,
535,陽明山 
536,公園處 綠美化 
537,要不要 
538,
539,
540,
541,臺北市 
542,臺北市 
543,
544,臺北市 臺北市 臺北市 
545,臺北市 
546,
547,臺北市 臺北市 臺北市 臺北市 
548,臺北市 行為人 
549,
550,
551,
552,臺北市 
553,臺北市 行為人 
554,出入口 
555,舉發單 收不到 
556,
557,
558,慢車道 
559,
560,
561,
562,
563,糖尿病 
564,糖尿病 
565,
566,垃圾包 
567,
568,
569,
570,兵役法 第五款 
571,補充兵 
572,
573,
574,
575,替代役 
576,臺北市 
577,技術士 
578,
579,
580,
581,
582,
583,臺北市 
584,臺北市 
585,
586,
587,
588,
589,臺北市 
590,
591,臺北市 
592,呼吸器 氧氣機 
593,呼吸器 氧氣機 
594,呼吸器 氧氣機 時本府 
595,
596,當事人 
597,
598,
599,臺北市 
600,
601,計畫書 
602,廢棄物 計畫書 
603,水費單 
604,說明書 
605,
606,
607,
608,
609,
610,海砂屋 
611,
612,
613,技二專 
614,
615,
616,
617,及歸組 
618,進一步 
619,
620,幼兒園 
621,
622,臺北市 
623,電視機 
624,
625,探索館 
626,探索館 
627,探索館 
628,紀念品 
629,探索館 
630,
631,
632,探索館 
633,
634,
635,
636,
637,
638,
639,數位機 
640,插播式 跑馬燈 有什麼 
641,
642,
643,
644,出版品 電影院 
645,
646,青發處 
647,有沒有 青少年 
648,青發處 
649,信用卡 悠遊卡 
650,青發處 直排輪 
651,青發處 攀岩場 
652,青發處 
653,青發處 
654,青發處 攀岩場 
655,青發處 
656,青發處 有沒有 
657,青發處 悠遊卡 停車費 
658,青發處 有沒有 
659,青發處 
660,青發處 
661,導盲犬 青發處 
662,青發處 
663,青發處 吸菸區 
664,青發處 
665,青發處 有沒有 飲水機 
666,青少年 發展處 
667,青發處 
668,青發處 停車場 停車位 
669,青發處 停車場 
670,青發處 
671,青發處 停車場 
672,青發處 有沒有 
673,臺北市 
674,持當人 
675,
676,
677,分公司 哪幾個 
678,臺北市 
679,
680,
681,
682,
683,延長案 問答集 
684,
685,109 高架化 這部分 
686,
687,
688,都會區 烏日文 北屯線 
689,都會區 烏日文 北屯線 區段標 工程組 進一步 
690,
691,臺北市 工程局 
692,
693,
694,捷運局 工程處 社會局 
695,捷運局 工程處 教育局 臺北市 運動館 工程案 
696,
697,植物園 植物園 
698,
699,臺北市 運動館 工程案 
700,工程案 
701,
702,第一期 工程處 
703,R03 奉天宮 
704,南昌路 人行道 城牆石 
705,
706,
707,
708,
709,之應備 
710,108 問答集 
711,
712,污染源 污染物 
713,撫卹法 問答集 
714,化服務 
715,衛福部 社家署 
716,化服務 
717,
718,化服務 申請表 
719,化服務 
720,信用卡 服務費 
721,信用卡 
722,地方稅 信用卡 
723,
724,許可證 
725,臺北市 有沒有 會計師 
726,播放器 
727,LCD 
728,
729,時程表 
730,位置圖 
731,時程表 
732,
733,飲用水 飲水機 
734,
735,
736,停車場 
737,停車場 
738,停車場 
739,
740,
741,
742,
743,會議室 
744,
745,景觀區 
746,活動式 FAQ 
747,停車場 
748,停車場 
749,
750,
751,停車場 
752,停車場 
753,自來水 自行車 
754,自來水 停車場 悠遊卡 有多少 停車位 
755,
756,違約金 
757,有沒有 
758,
759,借閱證 借閱證 
760,
761,基隆市 圖書館 借閱證 
762,基隆市 借閱證 
763,圖書館 借閱證 
764,
765,
766,借閱證 
767,借閱證 
768,
769,預約書 
770,
771,還書有 
772,
773,
774,有什麼 
775,
776,
777,
778,
779,圖書館 預約書 借閱證 
780,借閱證 借閱證 
781,
782,
783,上下班 
784,
785,定期票 悠遊卡 
786,教育區 
787,自來水 經常性 親水節 
788,自來水 博物館 
789,
790,自來水 
791,自來水 
792,自來水 
793,自來水 教育區 
794,自來水 
795,自來水 
796,下水道 水費單 下水道 
797,
798,抄表員 抄表員 
799,自來水 下水道 使用費 下水道 使用費 
800,
801,買受人 用水量 
802,有沒有 下水道 
803,申請書 
804,
805,法務局 社會局 基金會 
806,問答集 
807,
808,
809,
810,
811,
812,焚化廠 培養土 培養液 
813,107 
814,有什麼 
815,
816,107 臺北市 
817,
818,
819,
820,
821,
822,找不到 
823,改良劑 焚化廠 
824,改良劑 
825,
826,設計圖 
827,使用費 
828,自來水 
829,
830,臺北市 委員會 
831,
832,
833,
834,
835,
836,
837,含迷童 
838,
839,社會局 福利科 
840,
841,同居人 
842,
843,性侵害 
844,性侵害 
845,獎學金 
846,
847,社會局 
848,
849,
850,
851,
852,
853,停車位 識別證 
854,停車位 識別證 
855,停車位 識別證 停車位 識別證 
856,停車位 識別證 停車位 識別證 
857,
858,停車位 識別證 
859,101 停車位 識別證 
860,停車位 識別證 
861,停車位 識別證 停車證 
862,
863,福利科 養護費 福利科 
864,
865,勞基法 哪一項 
866,
867,
868,
869,
870,好玩卡 好玩卡 
871,好玩卡 
872,公訓處 
873,FUN 
874,108 臺北市 
875,性剝削 
876,出版品 
877,臺北市 旅館業 
878,
879,
880,臺北市 
881,
882,旅遊網 
883,臺北市 借問站 
884,好玩卡 
885,
886,開罰單 
887,行事曆 休業式 
888,焚化廠 廢棄物 
889,焚化廠 
890,焚化廠 廢棄物 
891,焚化廠 戴奧辛 
892,焚化廠 
893,焚化廠 游泳池 
894,焚化廠 
895,焚化廠 影印本 
896,焚化廠 游泳池 身分證 
897,焚化廠 
898,
899,
900,
901,
902,證明書 良民證 
903,103 
904,
905,居家式 
906,臺北市 臺北市 
907,
908,教養院 
909,基金會 要向何 
910,
911,
912,
913,
914,
915,教養院 
916,居家式 
917,居家式 登記書 
918,居家式 
919,居家式 
920,居家式 登記書 
921,證明書 良民證 
922,
923,
924,
925,每一位 
926,臺北市 行政區 
927,
928,
929,辦公室 
930,
931,
932,新住民 
933,新住民 
934,新住民 
935,
936,身分證 
937,臺北市 
938,
939,
940,
941,
942,
943,
944,
945,
946,
947,
948,
949,
950,
951,
952,
953,
954,
955,
956,
957,
958,
959,
960,
961,
962,
963,變更為 
964,臺北市 工代賑 臨時工 
965,臺北市 工代賑 臨時工 
966,臺北市 工代賑 臨時工 會不會 
967,臺北市 工代賑 臨時工 
968,工代賑 
969,工代賑 臨時工 
970,工代賑 臨時工 
971,
972,
973,
974,性騷擾 加害人 
975,性騷擾 
976,性騷擾 
977,性騷擾 受害人 
978,性騷擾 
979,性騷擾 
980,性騷擾 有沒有 
981,性騷擾 受害人 
982,性騷擾 
983,性騷擾 加害人 
984,負責人 僱用人 性騷擾 
985,性騷擾 受害人 
986,性騷擾 做什麼 
987,性騷擾 
988,性騷擾 
989,
990,
991,
992,
993,
994,性騷擾 教育法 性騷擾 
995,新住民 
996,臺北市 
997,
998,
999,
1000,
1001,
1002,
1003,
1004,臺北市 
1005,大客車 駕駛人 駕駛人 
1006,
1007,敬老卡 
1008,臺北市 計程車 
1009,
1010,臺北市 
1011,臺北市 
1012,通知單 社會局 健保費 打電話 
1013,臺北市 悠遊卡 
1014,悠遊卡 市政府 
1015,敬老卡 
1016,悠遊卡 
1017,悠遊卡 委託人 
1018,台北卡 乘車證 悠遊卡 悠遊卡 
1019,悠遊卡 
1020,悠遊卡 
1021,悠遊卡 悠遊卡 
1022,臺北市 居留證 臺北市 悠遊卡 
1023,悠遊卡 
1024,臺北市 
1025,石頭湯 哪幾區 
1026,悠遊卡 應備何 
1027,悠遊卡 應備何 
1028,悠遊卡 
1029,
1030,臺北市 計程車 
1031,敬老卡 還可以 
1032,
1033,定期票 
1034,
1035,
1036,定期票 
1037,定期票 
1038,定期票 
1039,定期票 
1040,定期票 臺北市 定期票 
1041,定期票 
1042,定期票 停車柱 
1043,定期票 
1044,定期票 
1045,定期票 停車場 
1046,定期票 
1047,定期票 
1048,定期票 
1049,定期票 
1050,定期票 
1051,定期票 
1052,定期票 
1053,定期票 
1054,加值機 
1055,定期票 圖書館 
1056,定期票 外國人 
1057,定期票 敬老卡 愛心卡 優待卡 
1058,定期票 悠遊卡 
1059,加值機 定期票 悠遊卡 
1060,定期票 
1061,定期票 自行車 
1062,定期票 
1063,定期票 
1064,保險費 
1065,第五類 
1066,
1067,有什麼 
1068,
1069,
1070,領多少 
1071,領多少 
1072,
1073,
1074,
1075,保險費 
1076,
1077,
1078,
1079,
1080,
1081,
1082,
1083,
1084,臺北市 
1085,安全網 
1086,安全網 
1087,安全網 申請表 
1088,安全網 
1089,安全網 
1090,安全網 
1091,安全網 所在地 所在地 
1092,安全網 
1093,
1094,通知單 
1095,
1096,
1097,GPS 
1098,
1099,
1100,
1101,外縣市 居住地 區公所 
1102,
1103,性騷擾 
1104,問答集 
1105,失智失 
1106,
1107,
1108,
1109,
1110,證明書 報告書 有效期 
1111,
1112,
1113,
1114,
1115,
1116,電暖器 
1117,冷氣機 
1118,
1119,
1120,
1121,
1122,
1123,衛福部 基準表 
1124,
1125,
1126,
1127,
1128,
1129,社會局 
1130,社會局 
1131,社會局 
1132,
1133,身分證 
1134,
1135,
1136,
1137,
1138,停車位 
1139,停車位 
1140,停車位 
1141,停管處 停車位 
1142,停車位 
1143,停車位 
1144,停車位 
1145,停車位 
1146,停管處 停車位 
1147,停車位 
1148,停車位 
1149,停車位 
1150,停車位 
1151,停車位 
1152,
1153,
1154,臺北市 
1155,臺北市 
1156,低收入 原住民 第四屆 刮刮樂 傳統型 立即型 第四屆 經銷商 證明書 
1157,屬本市 原住民 第四屆 刮刮樂 傳統型 立即型 第四屆 投注站 電腦型 經銷商 證明書 
1158,
1159,
1160,英文版 
1161,
1162,
1163,
1164,化服務 沒什麼 
1165,衛福部 社家署 
1166,新生兒 
1167,
1168,衛福部 社家署 臺北市 
1169,臺北市 衛福部 社家署 有什麼 
1170,衛福部 社家署 
1171,臺北市 
1172,
1173,台北市 台北市 臺北市 
1174,台北市 臺北市 
1175,臺北市 區公所 社會課 
1176,
1177,申請人 需未達 20% 
1178,
1179,申請人 需未達 20% 
1180,新生兒 臺北市 
1181,停車證 
1182,限制級 遊戲場 用品店 
1183,社會局 
1184,社會局 
1185,服務員 
1186,
1187,
1188,
1189,保險費 
1190,
1191,
1192,
1193,
1194,
1195,
1196,
1197,
1198,
1199,
1200,
1201,
1202,
1203,
1204,區公所 
1205,
1206,
1207,
1208,社會局 
1209,社會局 
1210,
1211,社會局 
1212,
1213,
1214,
1215,
1216,
1217,
1218,外縣市 
1219,
1220,
1221,
1222,
1223,從什麼 有什麼 
1224,會不會 
1225,ICF 
1226,會不會 
1227,
1228,
1229,
1230,
1231,
1232,
1233,740 
1234,臺北市 
1235,
1236,安養護 
1237,停車位 識別證 
1238,108 
1239,營養品 
1240,停車位 識別證 
1241,
1242,社會局 停車位 識別證 
1243,停車位 識別證 
1244,停車位 識別證 
1245,停車位 識別證 
1246,識別證 
1247,識別證 戶籍內 
1248,識別證 
1249,工作天 
1250,申請人 
1251,臺北市 
1252,
1253,低收入 
1254,低收入 
1255,低收入 
1256,
1257,
1258,低收入 
1259,學雜費 
1260,學生證 
1261,
1262,
1263,區公所 
1264,
1265,工作天 
1266,學雜費 
1267,
1268,
1269,
1270,
1271,扶助費 
1272,國稅局 國稅局 補助款 
1273,
1274,學雜費 
1275,
1276,親子館 
1277,
1278,臺北市 衛生局 照護科 
1279,服務員 
1280,
1281,
1282,
1283,
1284,
1285,
1286,臺北市 
1287,
1288,
1289,
1290,限制級 
1291,
1292,
1293,
1294,低收入 低收入 
1295,親子館 
1296,親子館 
1297,
1298,親子館 
1299,親子館 
1300,親子館 
1301,親子館 
1302,親子館 
1303,親子館 
1304,親子館 
1305,親子館 
1306,親子館 
1307,
1308,親子館 
1309,
1310,
1311,
1312,
1313,
1314,親子館 
1315,親子館 
1316,親子館 
1317,
1318,
1319,
1320,
1321,
1322,
1323,
1324,
1325,
1326,
1327,
1328,
1329,
1330,
1331,
1332,
1333,
1334,
1335,
1336,
1337,
1338,
1339,
1340,
1341,
1342,
1343,育幼院 
1344,
1345,悠遊卡 捷運站 查詢機 
1346,
1347,
1348,
1349,中所指 20% 
1350,107 敬老卡 
1351,敬老卡 
1352,敬老卡 
1353,
1354,
1355,多少元 
1356,
1357,補助款 
1358,祖父母 孫子女 
1359,
1360,
1361,
1362,
1363,
1364,社會局 
1365,
1366,
1367,安親班 
1368,
1369,臺北市 幼兒園 
1370,
1371,
1372,還可以 
1373,
1374,
1375,
1376,
1377,社會局 
1378,
1379,
1380,住宿式 
1381,
1382,証明書 
1383,住宿式 合約書 
1384,住宿式 住宿式 
1385,住宿式 代理人 
1386,之家者 住宿式 
1387,住宿式 
1388,住宿式 
1389,住宿式 
1390,住宿式 
1391,住宿式 
1392,遲緩兒 幼兒園 
1393,幼兒園 
1394,外縣市 住宿式 
1395,住宿式 
1396,選舉人 
1397,親子館 
1398,
1399,
1400,
1401,
1402,撞到人 
1403,停車位 識別證 
1404,紀念館 
1405,榮譽卡 
1406,
1407,
1408,合作社 
1409,合作社 
1410,合作社 
1411,合作社 應向何 
1412,創業家 
1413,
1414,
1415,
1416,台北市 
1417,農產品 
1418,臺北市 
1419,
1420,183 
1421,臺北市 健保費 
1422,183 證明書 
1423,親子館 
1424,資優生 資優生 
1425,
1426,
1427,
1428,臺北市 特教班 
1429,一年級 特殊生 學雜費 
1430,學雜費 
1431,高中職 學雜費 
1432,
1433,資優生 
1434,
1435,特教班 
1436,
1437,學雜費 
1438,
1439,分散式 資源班 
1440,臺北市 教育局 獎助金 
1441,
1442,外縣市 未足齡 臺北市 
1443,
1444,資優生 資優生 
1445,才能班 
1446,
1447,集中式 特教班 
1448,
1449,
1450,一年級 
1451,
1452,南環段 Y2A 
1453,臺北市 北極星 
1454,
1455,性侵害 被害人 
1456,駕駛人 駕駛人 
1457,
1458,
1459,良民證 
1460,臺北市 裁判費 執行費 
1461,臺北市 
1462,臺北市 
1463,臺北市 
1464,臺北市 
1465,臺北市 
1466,臺北市 
1467,臺北市 使用費 
1468,併發症 
1469,
1470,潛伏期 感染期 
1471,
1472,
1473,
1474,
1475,會不會 畸形兒 
1476,
1477,
1478,停班課 
1479,
1480,MMR 
1481,疾管署 沒辦法 
1482,疾管署 MMR 要不要 MMR 
1483,第一劑 MMR 第二劑 MMR 
1484,臺北市 107 
1485,在一起 總公司 
1486,
1487,
1488,
1489,
1490,
1491,臺北市 建築線 指示圖 
1492,建築線 
1493,建築線 
1494,建築線 
1495,
1496,臺北市 
1497,住戶家 中長期 
1498,
1499,
1500,
1501,有什麼 
1502,
1503,
1504,
1505,理事長 
1506,
1507,
1508,
1509,
1510,
1511,臺北市 
1512,
1513,
1514,
1515,
1516,
1517,
1518,
1519,外縣市 
1520,
1521,感染症 
1522,
1523,
1524,
1525,
1526,感染到 
1527,
1528,性行為 
1529,
1530,有茲卡 感染症 
1531,有茲卡 
1532,
1533,有茲卡 
1534,從茲卡 有茲卡 
1535,從茲卡 
1536,性伴侶 
1537,感染症 
1538,
1539,被茲卡 
1540,被茲卡 
1541,新生兒 過茲卡 
1542,登革熱 
1543,登革熱 
1544,登革熱 
1545,出血性 登革熱 
1546,登革熱 潛伏期 
1547,登革熱 
1548,登革熱 
1549,登革熱 病媒蚊 
1550,登革熱 
1551,病媒蚊 
1552,登革熱 
1553,登革熱 病媒蚊 
1554,登革熱 
1555,登革熱 
1556,登革熱 病媒蚊 
1557,殺蟲劑 
1558,登革熱 噴藥前 
1559,登革熱 
1560,登革熱 殺蟲劑 
1561,登革熱 
1562,
1563,登革熱 不噴會 
1564,
1565,東南亞 登革熱 
1566,登革熱 
1567,登革熱 
1568,登革熱 
1569,登革熱 噴藥時 
1570,登革熱 
1571,登革熱 
1572,能不能 
1573,登革熱 
1574,登革熱 
1575,
1576,
1577,
1578,
1579,
1580,
1581,
1582,
1583,調查表 
1584,服務所 
1585,
1586,臺北市 
1587,臺北市 開放給 
1588,
1589,臺北市 
1590,
1591,
1592,
1593,
1594,停管處 停車場 管理員 
1595,停車格 繳費單 
1596,
1597,臺北市 臺北市 不同處 
1598,
1599,
1600,福利部 
1601,福利部 
1602,
1603,
1604,
1605,
1606,
1607,福利部 
1608,社會局 
1609,Q04 
1610,性侵害 宣導品 
1611,
1612,
1613,便利性 
1614,200 
1615,
1616,都會區 
1617,
1618,
1619,
1620,電子耳 
1621,電子耳 
1622,
1623,
1624,會不會 
1625,
1626,
1627,
1628,
1629,
1630,
1631,
1632,
1633,特定區 
1634,臺北市 
1635,
1636,
1637,闖紅燈 通知單 
1638,證據力 
1639,通知單 
1640,
1641,
1642,
1643,教養院 
1644,爬梯機 
1645,
1646,
1647,電子耳 
1648,電子耳 
1649,電子耳 之應備 
1650,106 臺北市 環保局 
1651,
1652,臺北市 補助費 
1653,臺北市 補助費 
1654,臺北市 補助費 
1655,
1656,
1657,
1658,
1659,外縣市 臺北市 稽徵處 地方稅 
1660,信用卡 信用卡 
1661,APP 
1662,市政府 
1663,停管處 
1664,承辦人 
1665,
1666,停管處 工本費 停車費 
1667,停管處 所有人 
1668,停管處 停管處 
1669,停管處 
1670,停管處 停車費 
1671,停管處 那麼多 
1672,
1673,停管處 
1674,看護工 如用免 
1675,看護工 
1676,
1677,
1678,牌照稅 
1679,帶什麼 
1680,財政局 
1681,
1682,
1683,
1684,原住民 有什麼 
1685,
1686,安親班 
1687,臺北市 臺北市 原住民 
1688,臺北市 原民會 原住民 
1689,原住民 
1690,臺北市 有什麼 
1691,低收入 原住民 有什麼 
1692,低收入 原住民 有什麼 
1693,臺北市 原住民 臺北市 
1694,風味館 
1695,風味館 
1696,原住民 合作社 
1697,
1698,
1699,登記表 
1700,原住民 
1701,原住民 證明書 
1702,原住民 
1703,臺北市 原住民 外縣市 原住民 補助費 
1704,原住民 
1705,文化館 
1706,文化館 
1707,
1708,
1709,
1710,臺北市 合唱團 
1711,材料費 
1712,原住民 
1713,臺北市 原住民 外縣市 原住民 補助費 
1714,原住民 
1715,牯嶺街 
1716,海芋季 
1717,海芋季 
1718,台北市 
1719,
1720,刊登日 租套房 
1721,租套房 
1722,租套房 
1723,
1724,租套房 
1725,租套房 
1726,租套房 
1727,租套房 
1728,
1729,旅遊網 
1730,
1731,
1732,
1733,臺北市 運輸處 BUS www bus gov 路線圖 
1734,
1735,候車亭 
1736,市公車 
1737,臺北市 運輸處 BUS www bus gov 路線圖 
1738,租套房 
1739,臺北市 
1740,
1741,
1742,登記為 候選人 
1743,
1744,定期票 
1745,定期票 
1746,保護法 
1747,
1748,
1749,
1750,
1751,
1752,
1753,見證人 見證人 
1754,
1755,
1756,
1757,跟家裡 
1758,安樂死 有什麼 
1759,簽一次 
1760,
1761,會不會 
1762,
1763,
1764,
1765,ACP 
1766,臺北市 
1767,傳播局 文宣品 
1768,
1769,
1770,119 
1771,
1772,基金會 技術團 服務業 基準法 
1773,收穫期 基準法 
1774,保全業 保全業 第一款 第四款 國防部 非軍職 基準法 
1775,立法院 基準法 
1776,服務業 基準法 第二款 第四款 服務業 會計師 基準法 基準法 
1777,服務業 會計師 基準法 第二款 基準法 
1778,經濟部 商業司 歸屬於 服務業 實驗室 研究室 基準法 
1779,服務業 基準法 第二款 電視業 發射站 中繼站 轉播站 基準法 
1780,營造業 服務業 建築師 事務所 基準法 
1781,仲介業 不動產 裝修業 基準法 
1782,保全業 基準法 第一款 保險業 業務員 業務員 基準法 
1783,基準法 
1784,法務部 臺北市 新聞處 改制為 臺北市 傳播局 採訪車 基準法 
1785,外交部 基準法 
1786,考選部 立法院 副院長 辦公室 立法院 秘書長 辦公室 副總統 辦公室 總統府 秘書長 辦公室 基準法 
1787,輔導員 保育員 保育員 監護工 基準法 
1788,基準法 
1789,服務業 工程師 工程師 保全業 基準法 
1790,成都路 
1791,基準法 
1792,中秋節 雙十節 
1793,禁治產 不動產 
1794,
1795,臺北市 處理費 
1796,安置費 
1797,
1798,臺北市 補償費 
1799,補償費 補償費 獎勵金 
1800,補助費 人口數 
1801,獎勵金 
1802,陽明山 
1803,安定費 安定費 
1804,臺北市 質借處 
1805,
1806,
1807,臺北市 質借處 
1808,電子類 
1809,
1810,
1811,
1812,臺北市 質借處 
1813,
1814,
1815,臺北市 質借處 
1816,臺北市 質借處 
1817,
1818,
1819,臺北市 質借處 
1820,
1821,
1822,
1823,
1824,
1825,
1826,
1827,
1828,
1829,滅火器 
1830,臺北市 
1831,
1832,有什麼 
1833,
1834,勞動局 
1835,勞動局 
1836,勞動局 
1837,
1838,
1839,
1840,基隆河 
1841,基隆河 
1842,景美溪 
1843,新店溪 華江橋 木麻黃 
1844,臺北市 
1845,地上物 補償費 
1846,補償費 增值稅 
1847,補償費 
1848,第一次 
1849,
1850,
1851,登記簿 
1852,
1853,
1854,地上權 補償費 
1855,
1856,所有權 
1857,登記簿 補償費 補償費 
1858,地上權 所有人 
1859,
1860,
1861,地上權 保留地 
1862,
1863,臺北市 
1864,
1865,
1866,臺北市 除草劑 FAQ 
1867,FAQ 
1868,麵包業 
1869,飲料店 
1870,洗衣店 
1871,零售業 
1872,零售業 
1873,
1874,藥粧店 
1875,
1876,塑膠袋 
1877,塑膠袋 
1878,
1879,管理師 
1880,
1881,警察局 
1882,
1883,有什麼 
1884,警察局 處分書 
1885,
1886,
1887,
1888,二十歲 
1889,
1890,
1891,
1892,
1893,
1894,有什麼 
1895,
1896,
1897,臺北市 美沙冬 
1898,
1899,
1900,
1901,
1902,
1903,美沙冬 美沙冬 美沙冬 
1904,臺北市 美沙冬 
1905,陽明山 靈骨塔 櫃多罐 
1906,櫃多罐 
1907,不動產 
1908,
1909,
1910,
1911,
1912,
1913,
1914,
1915,
1916,
1917,
1918,
1919,
1920,
1921,失智症 失智症 
1922,失智症 有什麼 
1923,失智症 
1924,
1925,
1926,
1927,失智症 
1928,失智症 傷病卡 
1929,失智症 
1930,失智症 
1931,重要性 
1932,
1933,失智症 
1934,失智症 
1935,失智症 有什麼 
1936,
1937,失智症 
1938,失智症 
1939,失智症 
1940,失智症 看醫生 
1941,失智症 轉送到 
1942,
1943,
1944,失智症 
1945,失智症 
1946,失智症 
1947,
1948,
1949,委員會 
1950,臺北市 委員會 
1951,委員會 聘一任 
1952,委員會 
1953,申請書 
1954,臺北市 
1955,委員會 陳情人 
1956,臺北市 中英文 
1957,臺北市 
1958,
1959,
1960,
1961,
1962,
1963,原住民 
1964,原住民 補助費 
1965,
1966,
1967,
1968,未足齡 
1969,
1970,107 學年度 
1971,
1972,
1973,
1974,不動產 
1975,臺北市 
1976,福利部 安全網 
1977,
1978,補助費 
1979,工代賑 臨時工 
1980,
1981,台北卡 乘車證 
1982,
1983,計畫案 
1984,臺北市 
1985,義務役 救濟金 
1986,
1987,
1988,
1989,
1990,退伍令 
1991,國民兵 
1992,委員會 
1993,
1994,通行證 
1995,通行證 
1996,陽明山 通行證 
1997,通行證 
1998,臺北市 事務所 101 上班日 
1999,
2000,臺北市 
2001,臺北市 
2002,臺北市 
2003,有別於 
2004,這麼多 
2005,
2006,
2007,
2008,重陽節 
2009,
2010,教育局 
2011,
2012,安全網 
2013,失能者 
2014,安全網 
2015,
2016,自行車 
2017,
2018,
2019,
2020,
2021,社會局 
2022,
2023,訂出來 
2024,訂出來 
2025,性剝削 之虞者 
2026,悠遊卡 
2027,臺北市 救護車 
2028,119 救護車 傷病患 
2029,救護車 
2030,救護車 
2031,發展局 
2032,好玩卡 
2033,
2034,106 
2035,
2036,
2037,
2038,警報器 通知單 
2039,
2040,
2041,燒燙傷 
2042,
2043,
2044,瓦斯桶 
2045,變壓器 
2046,
2047,消防栓 
2048,
2049,消防栓 
2050,
2051,
2052,
2053,救護車 消防局 
2054,
2055,
2056,
2057,
2058,
2059,119 復甦術 CPR 
2060,119 受理員 
2061,
2062,
2063,
2064,
2065,石油氣 定型化 押瓶費 
2066,
2067,瓦斯桶 
2068,
2069,石油氣 
2070,
2071,警報器 
2072,
2073,
2074,滅火器 
2075,報平安 
2076,
2077,避難包 
2078,
2079,
2080,
2081,消防局 
2082,救護車 
2083,
2084,
2085,
2086,
2087,消防局 救護車 
2088,
2089,計程車 專用道 
2090,臺北市 大客車 
2091,
2092,教育館 
2093,臺北市 
2094,固定式 起重機 
2095,
2096,占用市 
2097,臺北市 進一步 
2098,
2099,
2100,
2101,問答集 
2102,
2103,臺北市 臺北市 服務處 106 
2104,臺北市 總預算 臺北市 總預算 
2105,臺北市 
2106,臺北市 
2107,臺北市 
2108,臺北市 
2109,
2110,
2111,
2112,臺北市 
2113,
2114,影響到 
2115,消費者 房地產 
2116,
2117,
2118,
2119,
2120,
2121,106 107 108 焚化廠 垃圾袋 商品券 
2122,
2123,臺北市 畢業生 高中職 
2124,
2125,信用卡 
2126,
2127,申請人 所在地 臺北市 
2128,臺北市 事務所 不動產 所在地 申請人 臺北市 
2129,
2130,
2131,
2132,
2133,
2134,遺失物 拾得人 遺失物 
2135,臺北市 社會局 
2136,臺北市 社會局 
2137,行李箱 安全帽 
2138,臺北市 
2139,
2140,服務業 
2141,外縣市 
2142,
2143,申請人 環保葬 
2144,環保葬 
2145,
2146,
2147,
2148,
2149,
2150,
2151,身後事 
2152,服務業 
2153,
2154,
2155,
2156,
2157,警察局 110 
2158,良民證 良民證 良民證 
2159,
2160,
2161,103 混凝土 折舊率 
2162,所有人 自住並 106 房屋稅 基折減 減稅額 
2163,當事人 
2164,南港區 檢討案 
2165,保護官 
2166,臺北市 稽徵處 
2167,
2168,
2169,合作社 
2170,有沒有 
2171,
2172,有什麼 
2173,
2174,問答集 
2175,天文館 
2176,
2177,敬老院 
2178,敬老院 
2179,敬老院 
2180,敬老院 
2181,敬老院 
2182,
2183,
2184,臺北市 被害人 
2185,性侵害 
2186,
2187,臺北市 
2188,視導區 
2189,牌照稅 房屋稅 地價稅 
2190,健保卡 
2191,臺北市 牙醫師 
2192,
2193,
2194,
2195,綠美化 
2196,
2197,衛生紙 環保局 
2198,
2199,
2200,障礙物 
2201,
2202,
2203,
2204,
2205,商品館 
2206,上下班 有沒有 
2207,計程車 
2208,
2209,不適任 
2210,
2211,加班費 
2212,
2213,幾小時 加班費 
2214,需一次 
2215,
2216,
2217,例假日 休息日 
2218,加班費 
2219,
2220,
2221,
2222,
2223,
2224,特休假 
2225,
2226,
2227,
2228,
2229,
2230,
2231,
2232,農漁會 信用部 
2233,
2234,約束力 
2235,
2236,
2237,
2238,
2239,信賴度 
2240,
2241,
2242,
2243,
2244,安全性 會不會 
2245,有什麼 
2246,參與式 
2247,
2248,投票率 
2249,
2250,
2251,不太會 
2252,提案人 
2253,附議人 
2254,
2255,
2256,
2257,
2258,
2259,
2260,
2261,
2262,過哪些 參與度 
2263,
2264,
2265,
2266,
2267,占用市 
2268,
2269,
2270,申購市 
2271,占用市 補償金 
2272,使用市 繼承人 承租市 
2273,使用市 承租市 
2274,承租市 
2275,教育局 承辦人 
2276,
2277,化糞池 
2278,公私立 
2279,問答集 
2280,
2281,
2282,
2283,教育部 
2284,
2285,
2286,
2287,會不會 將我家 
2288,
2289,
2290,
2291,
2292,
2293,
2294,
2295,
2296,使用費 生效日 
2297,
2298,
2299,處方箋 
2300,
2301,
2302,
2303,性侵害 
2304,性侵害 
2305,掛號費 
2306,
2307,繳不出 健保費 
2308,
2309,
2310,
2311,慢性病 處方箋 
2312,門診部 哺乳室 
2313,預防針 
2314,
2315,
2316,
2317,
2318,肺結核 有什麼 
2319,
2320,
2321,信用卡 
2322,會不會 
2323,針灸科 
2324,
2325,美沙冬 
2326,美沙冬 
2327,美沙冬 
2328,
2329,美沙冬 
2330,
2331,美沙冬 
2332,
2333,
2334,
2335,愛滋病 管理師 愛滋病 
2336,愛滋病 服務卡 
2337,愛滋病 慢性病 處方箋 林中昆 
2338,愛滋病 慢性病 處方箋 
2339,時間表 
2340,
2341,
2342,
2343,
2344,
2345,
2346,
2347,林中昆 
2348,至貴院 
2349,
2350,
2351,
2352,
2353,
2354,
2355,病識感 
2356,
2357,需多少 工作天 
2358,精神科 傷病卡 
2359,
2360,傷病卡 
2361,
2362,慢性病 處方箋 
2363,
2364,處方箋 
2365,
2366,慢性病 處方箋 
2367,
2368,
2369,
2370,
2371,
2372,慢性病 處方箋 
2373,
2374,
2375,
2376,結核菌 PPD 
2377,
2378,
2379,
2380,六十歲 
2381,
2382,
2383,大腸癌 
2384,愛滋病 
2385,
2386,證明書 
2387,
2388,
2389,
2390,
2391,子宮頸 
2392,看門診 
2393,
2394,哪些類 
2395,
2396,
2397,
2398,
2399,會不會 
2400,
2401,
2402,強力膠 
2403,
2404,驗血鉛 
2405,
2406,
2407,美沙冬 
2408,自來水 事業處 107 臺北市 政府府 107 
2409,鉛中毒 
2410,鉛中毒 
2411,
2412,
2413,
2414,
2415,
2416,
2417,
2418,移轉給 駕駛人 
2419,
2420,結核病 
2421,塑化劑 
2422,
2423,
2424,
2425,
2426,婚後孕 唐氏症 
2427,
2428,精神科 
2429,工作坊 
2430,滿二週 母乳庫 
2431,需多少 保證金 
2432,慢性病 處方箋 
2433,DNA 以何種 
2434,
2435,診斷書 
2436,婚後孕 
2437,
2438,
2439,
2440,
2441,
2442,如欲至 
2443,美沙冬 
2444,HPV 
2445,
2446,
2447,
2448,
2449,
2450,子宮頸 
2451,
2452,
2453,
2454,證明書 
2455,
2456,
2457,
2458,自行車 人行道 
2459,救護車 駕駛人 闖紅燈 
2460,
2461,
2462,
2463,
2464,馬克杯 
2465,自然人 存款戶 
2466,
2467,
2468,
2469,休假日 
2470,基準法 
2471,基準法 
2472,公部門 
2473,時薪制 
2474,勞動局 
2475,委員會 
2476,福利金 
2477,福利金 如未達 經常性 
2478,福利金 
2479,準備金 委員會 提撥率 
2480,AQI 
2481,
2482,化糞池 
2483,
2484,
2485,
2486,
2487,
2488,106 使用費 
2489,使用費 不裝表 
2490,使用費 
2491,保證金 
2492,106 使用費 
2493,
2494,自然人 
2495,自然人 
2496,自然人 
2497,
2498,
2499,應向何 
2500,電視法 戶有何 
2501,
2502,
2503,
2504,綠美化 封閉性 設施物 
2505,綠美化 
2506,
2507,
2508,
2509,說明會 
2510,劃定為 
2511,
2512,臺北市 
2513,
2514,
2515,司法院 釋字第 709 臺北市 
2516,中山堂 
2517,
2518,黃土水 
2519,中山堂 
2520,
2521,
2522,
2523,
2524,
2525,
2526,
2527,補助案 審議會 
2528,採購法 
2529,垃圾袋 
2530,
2531,例假日 加班費 
2532,自來水 事業處 消費性 107 臺北市 政府府 107 水企字 107 
2533,自來水 事業處 107 臺北市 政府府 107 水企字 107 
2534,休息日 加班費 
2535,大燈將 
2536,基準法 條所定 休假日 
2537,
2538,
2539,
2540,休假日 
2541,休息日 
2542,
2543,休息日 休息日 
2544,基準法 
2545,薪資單 
2546,休息日 
2547,用什麼 
2548,基準法 輪班制 
2549,休息日 
2550,休息日 休息日 要不要 
2551,休息日 加班費 
2552,
2553,休息日 基準法 項所定 
2554,休息日 
2555,基準法 條所定 休息日 
2556,
2557,
2558,基準法 及八週 
2559,休息日 
2560,
2561,
2562,中山堂 
2563,
2564,防火巷 能不能 
2565,
2566,基準法 之部分 
2567,2.0 
2568,失能者 2.0 
2569,2.0 領多少 
2570,警察局 
2571,
2572,
2573,美術班 音樂班 
2574,
2575,需幾天 
2576,
2577,性侵害 性侵害 
2578,
2579,良民證 所在地 
2580,
2581,停車格 
2582,駕駛人 場領車 告發單 
2583,專用區 
2584,
2585,
2586,應向何 
2587,排氣管 
2588,紅黃線 
2589,停車格 
2590,警備車 消防車 救護車 救險車 
2591,安全帽 
2592,闖紅燈 駕駛人 
2593,臺北市 
2594,闖紅燈 
2595,通知書 
2596,
2597,警示燈 警鳴器 優先權 
2598,
2599,
2600,
2601,我什麼 
2602,
2603,台北市 
2604,
2605,
2606,小型車 
2607,裁決書 
2608,
2609,處理廠 
2610,
2611,平均日 污水量 最大日 污水量 
2612,學生證 
2613,
2614,區公所 
2615,
2616,臺北市 管理處 
2617,
2618,
2619,
2620,
2621,
2622,地價稅 
2623,地價稅 
2624,
2625,地價稅 地價稅 
2626,地價稅 
2627,地上權 地價稅 
2628,地價稅 
2629,地價稅 
2630,107 108 
2631,地價稅 
2632,停車位 
2633,
2634,申請書 
2635,臺北市 
2636,潛勢區 
2637,
2638,
2639,潛勢區 
2640,潛勢區 
2641,潛勢圖 
2642,臺北市 
2643,
2644,潛勢圖 
2645,
2646,潛勢圖 
2647,潛勢圖 
2648,
2649,潛勢圖 圖所示 
2650,臺北市 
2651,潛勢圖 做出來 
2652,
2653,
2654,
2655,
2656,
2657,獎勵金 事務所 
2658,發展局 英文版 
2659,酒測值 多少會 
2660,
2661,不動產 
2662,不動產 
2663,
2664,臺北市 
2665,
2666,改良劑 
2667,
2668,臺北市 垃圾費 垃圾袋 垃圾袋 
2669,
2670,
2671,
2672,環保局 焚化廠 掩埋場 游泳池 
2673,廢棄物 計畫書 
2674,廢棄物 
2675,廢棄物 
2676,廢棄物 
2677,
2678,廢棄物 
2679,廢棄物 
2680,焚化廠 掩埋場 
2681,掩埋場 當地里 
2682,掩埋場 當地里 
2683,掩埋場 當地里 自來水 
2684,焚化廠 掩埋場 
2685,廢棄物 
2686,環保局 
2687,環保局 
2688,焚化廠 掩埋場 
2689,
2690,
2691,教育局 
2692,
2693,機慢車 
2694,標線型 人行道 
2695,
2696,標線型 人行道 
2697,什甚麼 
2698,
2699,單行道 2.8 雙向道 5.6 
2700,消防局 
2701,
2702,標線型 人行道 新工處 
2703,標線型 人行道 
2704,標線型 人行道 停車場 出入口 
2705,標線型 人行道 
2706,標線型 人行道 停車位 
2707,
2708,
2709,
2710,
2711,
2712,
2713,臺北市 
2714,臺北市 
2715,臺北市 多少里 
2716,臺北市 臺北市 
2717,區域圖 
2718,區公所 
2719,臺北市 
2720,臺北市 
2721,能不能 
2722,裁決書 
2723,裁決書 
2724,
2725,腸病毒 
2726,腸病毒 
2727,腸病毒 
2728,腸病毒 
2729,臺北市 
2730,
2731,臺北市 
2732,臺北市 
2733,臺北市 提案人 
2734,
2735,臺北市 
2736,臺北市 
2737,臺北市 滿意度 調查表 
2738,
2739,
2740,臺北市 
2741,
2742,臺北市 加速器 
2743,臺北市 
2744,臺北市 
2745,臺北市 
2746,臺北市 
2747,臺北市 
2748,臺北市 
2749,臺北市 
2750,臺北市 
2751,臺北市 
2752,臺北市 
2753,臺北市 之應備 
2754,臺北市 119 救護車 救護車 
2755,
2756,
2757,105 總金額 
2758,105 總金額 
2759,
2760,由本府 
2761,由本府 
2762,
2763,
2764,
2765,
2766,
2767,
2768,
2769,
2770,
2771,
2772,社子島 
2773,教養院 
2774,教養院 
2775,捐贈給 教養院 
2776,教養院 
2777,教養院 
2778,教養院 
2779,教養院 
2780,教養院 
2781,教養院 
2782,教養院 
2783,教養院 
2784,教養院 
2785,教養院 交通車 
2786,教養院 
2787,戶籍地 戶籍地 
2788,教養院 
2789,教養院 
2790,教養院 
2791,
2792,臺北市 
2793,
2794,
2795,102 金銀紙 
2796,陽明山 骨灰罐 位滿位 
2797,
2798,
2799,臺北市 
2800,
2801,公墓區 
2802,
2803,外國人 
2804,受葬者 臺北市 火化場 
2805,
2806,外縣市 
2807,高中職 學雜費 
2808,臺北市 高中職 學雜費 
2809,臺北市 高中職 學雜費 
2810,學雜費 學雜費 
2811,學雜費 
2812,學雜費 
2813,學雜費 
2814,學雜費 
2815,學雜費 
2816,臺北市 高中職 學雜費 
2817,學雜費 
2818,學雜費 
2819,臺北市 管理法 第八條 
2820,臺北市 管理法 第八條 
2821,
2822,
2823,
2824,
2825,臺北市 
2826,管理法 
2827,臺北市 管理法 第八條 
2828,臺北市 工商業 
2829,貿易業 批發業 
2830,臺北市 
2831,生技獎 
2832,服務業 服務業 
2833,策略性 
2834,
2835,保險業 
2836,
2837,回饋金 
2838,事務所 
2839,餐飲業 
2840,臺北市 
2841,工業區 餐飲業 
2842,放射性 
2843,放射性 
2844,環保葬 
2845,臺北市 管理處 
2846,臺北市 陽明山 
2847,
2848,公務員 
2849,自行車 自行車 自行車 辨識碼 自行車 
2850,
2851,
2852,臺北市 警察局 
2853,
2854,裁決書 
2855,裁決書 
2856,
2857,
2858,
2859,
2860,
2861,APP 
2862,消保法 條所定 
2863,定型化 消保法 定型化 
2864,不見了 
2865,大稻埕 
2866,
2867,有多少 
2868,
2869,
2870,
2871,
2872,大稻埕 有什麼 
2873,
2874,
2875,駕駛人 會不會 
2876,
2877,外縣市 
2878,研習班 
2879,大稻埕 研習班 
2880,
2881,臺北市 
2882,
2883,大稻埕 觀眾席 
2884,大稻埕 
2885,大稻埕 排練室 
2886,
2887,
2888,
2889,
2890,座位數 
2891,
2892,會議室 
2893,
2894,展覽室 
2895,
2896,
2897,
2898,
2899,須購票 
2900,臺北市 歌仔戲 掌中戲 
2901,
2902,
2903,
2904,
2905,大稻埕 
2906,大稻埕 
2907,
2908,
2909,照易處 
2910,
2911,
2912,
2913,
2914,應備何 
2915,
2916,身分證 
2917,
2918,
2919,身分證 
2920,承租人 前屋主 居住地 
2921,
2922,
2923,應備何 
2924,
2925,
2926,養父母 
2927,
2928,臺北市 之表件 
2929,臺北市 
2930,臺北市 
2931,基金會 
2932,牌照稅 
2933,
2934,旅館業 定型化 
2935,旅館業 
2936,日租型 
2937,
2938,
2939,通知單 
2940,
2941,裁決書 雖寄至 住居所 
2942,鑑定費 
2943,需多少 
2944,通知單 
2945,
2946,
2947,臺北市 
2948,意見書 
2949,研判表 
2950,
2951,
2952,
2953,開紅單 
2954,停車場 
2955,
2956,
2957,
2958,
2959,
2960,裁決書 
2961,
2962,
2963,登記證 
2964,以自領 
2965,關係人 聯絡人 
2966,變更為 變更為 
2967,分公司 經理人 負責人 
2968,
2969,
2970,
2971,
2972,外縣市 
2973,
2974,
2975,235 之本期 
2976,
2977,
2978,
2979,董監事 
2980,
2981,文物館 
2982,高架橋 
2983,
2984,大稻埕 
2985,
2986,戴口罩 
2987,呼吸道 傳染病 
2988,
2989,體驗營 
2990,捷運站 詢問處 布告欄 
2991,販賣機 
2992,
2993,區公所 
2994,
2995,104 臺北市 計程車 登記證 駕駛人 105 臺北市 
2996,
2997,
2998,臺北市 分兩種 外縣市 轉本市 
2999,
3000,
3001,小朋友 小朋友 
3002,小朋友 
3003,小朋友 
3004,小朋友 小朋友 
3005,公訓處 停車位 
3006,
3007,小朋友 
3008,小朋友 
3009,臺北市 
3010,臺北市 教育局 
3011,外祖母 外祖母 
3012,三等親 舅舅家 
3013,
3014,臺北市 
3015,
3016,
3017,
3018,
3019,
3020,通知單 通知單 
3021,外國籍 
3022,基準日 報到日 
3023,報到日 
3024,
3025,小朋友 
3026,
3027,
3028,臺北市 
3029,賽格威 人行道 
3030,臺北市 
3031,一次性 美耐皿 一次性 塑膠杯 瓶裝水 
3032,一次性 美耐皿 不可以 一次性 美耐皿 消費者 
3033,一次性 美耐皿 
3034,一次性 美耐皿 
3035,一次性 美耐皿 
3036,一次性 美耐皿 
3037,一次性 美耐皿 
3038,一次性 
3039,美耐皿 
3040,一般生 
3041,大學區 
3042,區公所 通知單 報到日 
3043,
3044,
3045,
3046,
3047,
3048,通知單 
3049,在一起 
3050,
3051,小朋友 
3052,
3053,
3054,小朋友 
3055,
3056,小朋友 
3057,
3058,陳情人 
3059,汽機車 
3060,自耕農 
3061,105 用水戶 
3062,
3063,
3064,
3065,臺北市 唐氏症 
3066,臺北市 婚後孕 唐氏症 
3067,臺北市 婚後孕 唐氏症 
3068,臺北市 婚後孕 唐氏症 
3069,臺北市 婚後孕 
3070,
3071,
3072,看護工 
3073,
3074,
3075,
3076,臺北市 紅火蟻 
3077,臺北市 紅火蟻 
3078,臺北市 紅火蟻 時可向 
3079,臺北市 保育類 
3080,寵物業 許可證 
3081,補償費 
3082,
3083,
3084,
3085,
3086,
3087,
3088,
3089,紀念品 
3090,
3091,
3092,
3093,
3094,
3095,驗票機 
3096,悠遊卡 
3097,市公車 驗票機 上下車 方便性 
3098,悠遊卡 臺北市 
3099,臺北市 悠遊卡 
3100,臺北市 悠遊卡 
3101,臺北市 
3102,
3103,臺北市 
3104,準備金 
3105,103 
3106,
3107,退休金 準備金 
3108,準備金 
3109,勞動局 退休金 
3110,
3111,如無其 
3112,如無其 
3113,
3114,基準法 
3115,準備金 
3116,準備金 104 105 
3117,退休金 
3118,退休金 
3119,勞基法 退休金 
3120,退休金 
3121,退休金 
3122,
3123,
3124,
3125,
3126,抵價地 
3127,
3128,
3129,
3130,生理假 
3131,資遣費 
3132,
3133,
3134,加班費 
3135,發不出 
3136,保全員 保全員 
3137,
3138,
3139,
3140,選舉日 
3141,賠償金 
3142,
3143,颱風假 加班費 
3144,例假日 
3145,性騷擾 
3146,
3147,高中職 
3148,
3149,
3150,
3151,幾小時 
3152,
3153,
3154,能見度 能見度 能見度 
3155,
3156,起重機 升降機 技術士 
3157,升降機 
3158,連續壁 挖掘機 移動式 起重機 
3159,起重機 起重機 
3160,起重機 出入口 
3161,吊掛式 掉落物 
3162,檢核表 移動式 起重機 檢核表 
3163,升降機 尚無其 移動式 起重機 移動式 起重機 
3164,
3165,衛生法 
3166,
3167,
3168,
3169,負責人 代表人 
3170,行業別 
3171,
3172,
3173,
3174,
3175,
3176,商學系 
3177,外縣市 臺北市 
3178,
3179,
3180,
3181,行業別 
3182,金貸款 
3183,
3184,
3185,
3186,
3187,多少天 
3188,保證人 擔保品 要不要 
3189,
3190,
3191,
3192,
3193,計畫書 
3194,通知書 
3195,
3196,
3197,
3198,
3199,
3200,多少天 
3201,保證人 擔保品 要不要 
3202,
3203,
3204,申請人 申請到 
3205,
3206,
3207,
3208,通知書 
3209,
3210,
3211,計畫書 
3212,
3213,
3214,
3215,證明書 
3216,
3217,
3218,月報表 
3219,臺北市 施工架 
3220,職安卡 
3221,時後將 
3222,例假日 調整為 上班日 上班日 調整為 例假日 
3223,自家門 停車格 
3224,
3225,無牌車 
3226,停車格 告示牌 
3227,
3228,電影院 電影院 
3229,有沒有 
3230,再生水 
3231,再生水 
3232,再生水 
3233,再生水 使用量 
3234,再生水 
3235,抵價地 總面積 
3236,計畫書 
3237,
3238,
3239,新營里 
3240,105 
3241,
3242,
3243,通知單 
3244,
3245,
3246,
3247,
3248,
3249,
3250,捐贈給 
3251,
3252,
3253,營業人 營業稅 
3254,通知書 同意書 
3255,
3256,臺北市 
3257,紅火蟻 
3258,動保處 
3259,防制法 
3260,
3261,寵物業 
3262,保育類 
3263,
3264,動保處 臺北市 
3265,
3266,
3267,許可證 須再繳 
3268,蘇眉魚 保育類 
3269,紅火蟻 
3270,臺北市 
3271,保護區 
3272,寵物業 許可證 負責人 
3273,保育類 
3274,
3275,抵價地 
3276,
3277,停車費 
3278,停車格 
3279,停車格 
3280,
3281,
3282,添加物 問答集 
3283,重劃區 內應行 改良物 
3284,地下街 臺北市 市場處 
3285,傳播局 
3286,
3287,CMS 
3288,
3289,
3290,
3291,號誌桿 監視器 
3292,蜂鳴器 
3293,
3294,交工處 
3295,臺北市 
3296,紅黃線 
3297,
3298,CMS 
3299,交通局 攝影機 
3300,臺北市 
3301,
3302,紅黃線 
3303,
3304,
3305,
3306,
3307,紅黃線 
3308,下雨天 
3309,自行車 人行道 
3310,臺北市 
3311,接送區 標誌牌 
3312,家門口 劃紅線 
3313,劃紅線 
3314,出入口 
3315,停車場 出入口 
3316,臺北市 依幾米 紅黃線 
3317,臺北市 
3318,專用道 側車道 車道線 雙白線 
3319,
3320,專用道 
3321,臺北市 
3322,補償費 
3323,重劃區 內應行 改良物 
3324,
3325,停車格 
3326,繳費單 
3327,
3328,停車格 
3329,能不能 
3330,
3331,
3332,停車格 
3333,停車格 
3334,停車費 
3335,
3336,停車格 
3337,
3338,
3339,
3340,處理費 
3341,
3342,身後事 
3343,
3344,管理處 
3345,
3346,保險套 
3347,保險套 保險套 
3348,
3349,臺北市 
3350,增值稅 遺產稅 贈與稅 
3351,地價稅 
3352,
3353,登革熱 
3354,年休假 
3355,衛生局 登革熱 需至家 
3356,衛生局 登革熱 需至家 孳生源 
3357,登革熱 會不會 
3358,登革熱 登革熱 
3359,登革熱 
3360,登革熱 
3361,
3362,化粧品 
3363,
3364,
3365,臺北市 
3366,臺北市 鐵觀音 包種茶 
3367,104 
3368,104 
3369,104 
3370,有沒有 
3371,改良物 補償費 
3372,
3373,
3374,牌照稅 
3375,
3376,
3377,牌照稅 
3378,牌照稅 
3379,牌照稅 
3380,汽機車 牌照稅 
3381,
3382,商業處 負責人 
3383,
3384,
3385,
3386,受災戶 有什麼 地方稅 
3387,
3388,
3389,保護法 
3390,
3391,
3392,
3393,
3394,臺北市 
3395,
3396,牌照稅 
3397,臺北市 
3398,108 
3399,接駁車 
3400,
3401,
3402,抵價地 
3403,
3404,
3405,採購案 
3406,臺北市 保護區 
3407,
3408,登記卡 
3409,寵物業 許可證 
3410,臺北市 直轄市 保留區 
3411,臺北市 保護區 
3412,貓頭鷹 
3413,
3414,工作室 
3415,
3416,臺北市 保護區 
3417,保育類 
3418,
3419,寵物業 
3420,北投石 保留區 
3421,獸醫師 
3422,上什麼 
3423,申請單 還可以 
3424,
3425,
3426,
3427,
3428,補充兵 證明書 
3429,
3430,
3431,
3432,
3433,
3434,移民署 
3435,
3436,
3437,
3438,
3439,變更為 
3440,教育部 
3441,
3442,
3443,
3444,
3445,
3446,
3447,兵役法 施行法 先修班 語言班 
3448,
3449,
3450,自行車 自行車 
3451,
3452,
3453,
3454,
3455,
3456,
3457,
3458,
3459,當事人 一方能 
3460,
3461,
3462,事務所 
3463,身分證 
3464,
3465,事務所 健保卡 
3466,
3467,販賣業 許可證 
3468,
3469,
3470,地上權 不動產 農育權 永佃權 抵押權 抵價地 
3471,中山堂 
3472,
3473,娃娃車 大貓熊 
3474,
3475,
3476,有人能 
3477,動物園 
3478,
3479,
3480,垃圾山 
3481,
3482,
3483,
3484,
3485,
3486,
3487,地下道 需與何 
3488,
3489,
3490,抵價地 
3491,驗證碼 驗證碼 
3492,有沒有 
3493,
3494,工作坊 語言班 語言班 
3495,
3496,
3497,
3498,
3499,
3500,約聘僱 
3501,
3502,
3503,
3504,
3505,
3506,
3507,
3508,
3509,臺北市 居住地 
3510,臺北市 
3511,
3512,
3513,
3514,
3515,
3516,
3517,
3518,
3519,
3520,
3521,替代役 
3522,
3523,
3524,
3525,
3526,
3527,
3528,身分證 
3529,
3530,
3531,身分證 
3532,瀏覽器 
3533,承辦人 
3534,承辦人 
3535,
3536,大後會 
3537,改良物 補償費 改良物 補償費 遷移費 
3538,陳情案 
3539,
3540,
3541,
3542,警察局 110 
3543,警察局 110 
3544,稅捐處 
3545,稅捐處 地方稅 
3546,
3547,應備何 
3548,HID 
3549,零用金 
3550,
3551,改良物 建築物 補償費 處理費 
3552,
3553,
3554,臺北市 財政局 
3555,臺北市 財政局 
3556,
3557,所得稅 
3558,地上權 BOT 
3559,臺北市 
3560,房屋稅 
3561,地下街 
3562,財政局 地下街 
3563,地下街 
3564,
3565,
3566,應由何 
3567,
3568,行政院 
3569,
3570,教育局 零用金 
3571,臺北市 
3572,零用金 
3573,
3574,臺北市 保護處 
3575,悠遊卡 
3576,外縣市 悠遊卡 
3577,外縣市 悠遊卡 
3578,悠遊卡 
3579,悠遊卡 
3580,悠遊卡 
3581,悠遊卡 應備何 
3582,悠遊卡 
3583,悠遊卡 
3584,悠遊卡 
3585,陪伴卡 
3586,悠遊卡 
3587,悠遊卡 
3588,
3589,牌照稅 
3590,臺北市 
3591,
3592,
3593,
3594,直飲台 
3595,濾水器 
3596,自來水 
3597,自來水 
3598,
3599,消防栓 
3600,
3601,直飲台 
3602,
3603,自來水 
3604,
3605,
3606,
3607,
3608,人行道 露天座 
3609,斜坡道 
3610,申請到 臺北市 申請到 
3611,
3612,遊戲機 
3613,
3614,看護工 臺北市 
3615,身分證 
3616,戒菸班 
3617,戒菸班 
3618,戒菸班 
3619,戒菸班 
3620,
3621,
3622,
3623,
3624,提審法 
3625,維護法 性交易 
3626,危險罪 
3627,
3628,
3629,
3630,補充兵 
3631,
3632,服兵役 
3633,
3634,服兵役 
3635,通知單 
3636,柵欄機 停車場 停車格 時未見 通知單 
3637,
3638,娛樂稅 法所稱 職業性 
3639,悠遊卡 
3640,北投區 泡腳池 
3641,營造業 
3642,遺失物 派出所 
3643,
3644,
3645,
3646,110 
3647,承租人 
3648,承租人 承租人 出租人 
3649,承租人 
3650,當事人 
3651,
3652,菸酒稅 
3653,
3654,
3655,獎勵金 
3656,
3657,臺北市 
3658,社會局 100 
3659,臺北市 
3660,
3661,服務員 
3662,
3663,
3664,臺北市 
3665,
3666,
3667,多胞胎 
3668,預付卡 
3669,通話費 
3670,
3671,
3672,
3673,
3674,
3675,
3676,廣告業 美容業 104 基準法 
3677,
3678,
3679,
3680,
3681,
3682,
3683,
3684,幾天前 
3685,
3686,
3687,補習班 
3688,補習班 
3689,補習班 
3690,
3691,補習班 
3692,補習費 補習班 
3693,補習班 補習班 
3694,補習班 
3695,
3696,補習班 
3697,補習班 補習班 
3698,補習班 
3699,補習班 交通車 
3700,補習班 
3701,補習班 
3702,補習班 課輔班 安親班 
3703,補習班 陳情人 
3704,補習班 
3705,補習班 
3706,應向何 
3707,
3708,
3709,
3710,補習班 
3711,補習班 
3712,國防部 
3713,
3714,基金會 
3715,基金會 
3716,
3717,臺北市 臺北市 
3718,
3719,
3720,
3721,
3722,臺北市 
3723,
3724,臺北市 補助款 補助款 
3725,建築物 
3726,
3727,臺北市 問答集 
3728,上下學 
3729,
3730,
3731,學生證 優缺點 
3732,
3733,學生證 
3734,學生證 手續費 
3735,學生證 
3736,學生證 
3737,學生證 
3738,學生證 會不會 
3739,
3740,學生證 多功能 
3741,學生證 
3742,加班費 每小時 
3743,加班費 
3744,勞基法 條所定 休假日 紀念日 勞動節 
3745,遺失物 
3746,悠遊卡 
3747,悠遊卡 
3748,學生證 學生證 悠遊卡 新一代 悠遊卡 
3749,悠遊卡 
3750,押金制 悠遊卡 新一代 悠遊卡 
3751,新一代 悠遊卡 
3752,新一代 悠遊卡 
3753,新一代 悠遊卡 
3754,新一代 悠遊卡 
3755,新一代 悠遊卡 
3756,悠遊卡 
3757,悠遊卡 新一代 悠遊卡 
3758,悠遊卡 
3759,悠遊卡 
3760,悠遊卡 押金制 悠遊卡 104 
3761,悠遊卡 
3762,創櫃板 
3763,台北市 創櫃板 
3764,
3765,
3766,欠稅人 
3767,擔保品 
3768,清算人 會計師 
3769,債權人 債務人 
3770,
3771,法務部 執行署 
3772,
3773,
3774,
3775,106 臺北市 房屋稅 
3776,假扣押 稽徵處 債務人 
3777,債權人 委員會 稽徵處 債務人 
3778,稽徵處 
3779,
3780,
3781,稅捐處 地方稅 稽徵法 
3782,擔保品 
3783,地方稅 
3784,
3785,
3786,通知書 
3787,平行線 
3788,
3789,受款人 
3790,
3791,房屋稅 地價稅 牌照稅 
3792,
3793,
3794,小朋友 身分證 
3795,
3796,游泳池 
3797,焚化廠 
3798,焚化廠 
3799,焚化廠 
3800,焚化廠 戴奧辛 
3801,焚化廠 
3802,臺北市 焚化廠 
3803,焚化廠 
3804,廢棄物 廢棄物 廢棄物 
3805,焚化廠 
3806,焚化廠 廢棄物 
3807,焚化廠 
3808,文湖線 
3809,臺北市 專用道 128 專用道 
3810,
3811,衛生法 
3812,
3813,
3814,保全業 
3815,
3816,
3817,衛生法 建築物 升降機 
3818,衛生法 合格證 升降機 
3819,同意書 
3820,長時間 有什麼 
3821,衛生法 
3822,有什麼 
3823,衛生法 
3824,升降機 危險性 
3825,
3826,
3827,
3828,
3829,營造業 
3830,衛生法 
3831,衛生法 
3832,衛生法 
3833,重複性 有什麼 
3834,衛生法 
3835,衛生法 
3836,衛生法 
3837,
3838,上下班 公傷假 
3839,衛生法 
3840,
3841,
3842,
3843,衛生法 因部分 
3844,衛生法 
3845,衛生法 
3846,升降機 
3847,建築物 升降機 建築法 升降機 
3848,出租人 
3849,
3850,其自住 
3851,住家用 
3852,
3853,台北卡 
3854,台北卡 
3855,台北卡 
3856,
3857,台北卡 
3858,台北卡 
3859,社福卡 
3860,
3861,台北卡 
3862,台北卡 
3863,
3864,台北卡 
3865,台北卡 不同於 
3866,加值金 
3867,
3868,
3869,台北卡 衛生局 健康卡 
3870,
3871,台北卡 
3872,台北卡 
3873,
3874,加值金 
3875,台北卡 
3876,台北卡 
3877,台北卡 台北卡 
3878,台北卡 
3879,台北卡 
3880,台北卡 悠遊卡 加值金 
3881,
3882,卡集點 
3883,
3884,
3885,小朋友 臺北市 門診部 
3886,門診部 掛號費 診察費 
3887,
3888,地熱谷 
3889,
3890,臺北市 
3891,
3892,駕駛人 
3893,
3894,退休金 資遣費 準備金 
3895,
3896,
3897,
3898,
3899,
3900,自行車 人行道 
3901,提審法 103 行使法 
3902,
3903,自然人 
3904,山水綠 
3905,召集令 
3906,臺北市 
3907,北投區 
3908,
3909,
3910,教育班 
3911,臺北市 繁體字 正名為 正體字 
3912,處理廠 
3913,
3914,猶豫期 
3915,衛生法 
3916,衛生法 
3917,衛生法 
3918,職安法 
3919,職安法 
3920,職安法 
3921,職安法 
3922,職安法 中所稱 
3923,職安法 
3924,
3925,
3926,
3927,
3928,
3929,職安法 
3930,
3931,
3932,
3933,
3934,
3935,職業病 
3936,有什麼 
3937,有什麼 
3938,重複性 有什麼 
3939,長時間 有什麼 
3940,有什麼 
3941,居留證 學雜費 
3942,
3943,智慧型 
3944,
3945,商業處 國稅局 
3946,商業處 國稅局 
3947,
3948,
3949,條有何 
3950,建築物 
3951,
3952,臺北市 
3953,內湖區 檢討案 
3954,
3955,
3956,
3957,積淹水 
3958,臺北市 出版品 出版品 
3959,
3960,
3961,身分證 警察局 
3962,仿冒品 
3963,
3964,
3965,臺北市 
3966,不動產 經紀業 
3967,
3968,不動產 經紀業 不動產 經紀人 
3969,不動產 
3970,不動產 經紀業 
3971,不動產 經紀業 
3972,不動產 
3973,房地產 
3974,不動產 經紀人 
3975,
3976,動物園 娃娃車 
3977,動物園 接駁車 
3978,不動產 仲介業 
3979,加班費 
3980,加班費 
3981,精算師 APP 
3982,地政士 
3983,補助金 
3984,補助金 
3985,補助金 
3986,地政士 服務台 
3987,地政士 
3988,
3989,
3990,
3991,
3992,
3993,
3994,停車場 申請案 
3995,
3996,臺北市 
3997,
3998,
3999,臺北市 
4000,
4001,衛福部 社家署 臺北市 
4002,人行道 
4003,健身房 
4004,自行車 
4005,
4006,
4007,
4008,
4009,新生兒 心臟病 
4010,
4011,徵收區 
4012,重劃區 抵費地 
4013,重劃區 抵費地 投標人 
4014,總費用 證明書 
4015,開發區 
4016,抵費地 盈餘款 
4017,開發區 自來水 
4018,重劃區 自來水 
4019,
4020,祖父母 
4021,
4022,
4023,
4024,報到日 
4025,
4026,外縣市 畢業生 
4027,
4028,有什麼 
4029,
4030,
4031,
4032,
4033,一般生 
4034,婚後孕 
4035,高中職 
4036,高中職 
4037,高中職 那一年 
4038,高中職 補助款 補助款 
4039,
4040,
4041,還可以 
4042,高中職 
4043,高中職 高中職 前三年 標準表 
4044,高中職 106 學年度 高中職 前三年 
4045,
4046,學雜費 
4047,103 學年度 家庭年 148 
4048,使用費 
4049,使用費 
4050,
4051,臺北市 衛生局 
4052,
4053,
4054,輔導法 
4055,白石湖 
4056,白石湖 
4057,白石湖 
4058,臺北市 
4059,
4060,臺北市 
4061,臺北市 
4062,
4063,
4064,
4065,
4066,出生地 出生別 
4067,
4068,臺北市 
4069,自來水 承裝商 
4070,之四種 
4071,
4072,DNA 
4073,
4074,
4075,駕駛人 
4076,
4077,調味料 
4078,生菜葉 
4079,漏水率 
4080,自來水 
4081,自來水 
4082,不銹鋼 
4083,還可以 
4084,
4085,
4086,陽明山 
4087,基準法 
4088,服務業 委員會 基準法 
4089,
4090,生理假 
4091,服務業 基準法 
4092,臺北市 
4093,低收入 垃圾袋 
4094,天文館 
4095,
4096,
4097,
4098,
4099,
4100,
4101,中山堂 
4102,臺北市 中山堂 有多少 
4103,臺北市 中山堂 光復廳 
4104,臺北市 中山堂 
4105,中山堂 
4106,中山堂 
4107,中山堂 光復廳 
4108,中山堂 
4109,當事人 
4110,
4111,
4112,
4113,
4114,零容忍 
4115,權利人 
4116,權利人 
4117,權利人 
4118,直轄市 
4119,
4120,自行車 
4121,臺北市 App 
4122,
4123,失智症 盡可能 
4124,
4125,
4126,
4127,會不會 
4128,失智症 
4129,
4130,
4131,當事人 
4132,計程車 
4133,保護法 
4134,
4135,山水綠 
4136,山水綠 
4137,山水綠 
4138,防火巷 
4139,
4140,教養院 
4141,地方稅 
4142,地方稅 
4143,工本費 
4144,地方稅 
4145,地價稅 
4146,
4147,
4148,
4149,臺北市 衛生局 APP 
4150,080 081 
4151,電滋波 
4152,計程車 
4153,陽明山 計程車 
4154,陽明山 計程車 
4155,陽明山 計程車 
4156,外國人 
4157,自行車 人行道 臺北市 自行車 
4158,計程車 駕駛人 
4159,
4160,地位處 外縣市 外縣市 垃圾袋 
4161,垃圾費 
4162,有部分 環保局 
4163,環保局 垃圾袋 
4164,垃圾費 會不會 
4165,環保局 
4166,垃圾費 
4167,垃圾袋 垃圾包 塑膠袋 環保局 垃圾車 
4168,垃圾袋 環保局 
4169,垃圾袋 垃圾袋 
4170,
4171,替代役 替代役 
4172,打電話 
4173,在一起 歸類為 
4174,並不是 
4175,警報器 
4176,
4177,標線型 人行道 
4178,狂犬病 
4179,狂犬病 
4180,
4181,狂犬病 
4182,上下班 狂犬病 
4183,狂犬病 
4184,狂犬病 
4185,
4186,
4187,傳染病 狂犬病 
4188,
4189,廢棄物 
4190,病蟲害 
4191,
4192,獎勵金 
4193,檢舉人 
4194,
4195,
4196,廢棄物 
4197,工作證 
4198,
4199,
4200,
4201,
4202,消費者 消費者 
4203,管轄權 消費者 管轄權 
4204,消費者 得向何 
4205,消費者 
4206,消費者 保護法 
4207,消費者 保護法 
4208,消費者 保護法 消費者 保護法 消費者 消費者 保護法 
4209,消費者 保護法 
4210,消費者 保護法 
4211,退換貨 
4212,
4213,
4214,
4215,
4216,
4217,
4218,
4219,
4220,
4221,
4222,訴願案 
4223,
4224,
4225,
4226,關係人 
4227,
4228,
4229,天文館 
4230,豪大雨 臺北市 抽水站 
4231,臺北市 工作站 
4232,
4233,
4234,申請書 
4235,
4236,
4237,
4238,
4239,
4240,公法人 
4241,民刑事 
4242,
4243,
4244,
4245,
4246,
4247,不尋常 
4248,
4249,狂犬病 
4250,狂犬病 
4251,狂犬病 
4252,
4253,狂犬病 
4254,狂犬病 
4255,臺北市 狂犬病 
4256,臺北市 狂犬病 
4257,
4258,狂犬病 
4259,
4260,
4261,狂犬病 有什麼 
4262,狂犬病 潛伏期 有多長 死亡率 
4263,狂犬病 
4264,狂犬病 
4265,狂犬病 
4266,申請書 
4267,
4268,被害人 請求權 
4269,請求權 
4270,被害人 請求權 
4271,
4272,
4273,
4274,
4275,被害人 請求權 
4276,
4277,求償權 
4278,求償權 
4279,求償權 
4280,
4281,
4282,請求權 
4283,請求權 代理人 代理人 
4284,
4285,請求權 請求權 
4286,臺北市 
4287,臺北市 
4288,請求書 法務局 
4289,
4290,協議書 
4291,請求權 人什麼 
4292,請求權 訴訟法 
4293,請求權 醫藥費 喪葬費 
4294,醫療費 喪葬費 
4295,
4296,
4297,
4298,
4299,
4300,102 安全帶 
4301,
4302,
4303,游泳池 酸鹼值 
4304,
4305,賠償法 
4306,賠償法 
4307,
4308,賠償法 
4309,賠償法 特別法 
4310,賠償法 訴訟法 
4311,
4312,公法人 
4313,公權力 
4314,請求權 
4315,
4316,外國人 
4317,公務員 
4318,公務員 
4319,
4320,
4321,公權力 
4322,
4323,
4324,
4325,
4326,
4327,
4328,有沒有 
4329,
4330,
4331,
4332,
4333,狂犬病 
4334,狂犬病 
4335,狂犬病 狂犬病 
4336,狂犬病 
4337,臺北市 狂犬病 
4338,狂犬病 
4339,狂犬病 
4340,狂犬病 
4341,狂犬病 
4342,
4343,狂犬病 
4344,狂犬病 
4345,狂犬病 
4346,臺北市 
4347,臺北市 
4348,
4349,會不會 
4350,
4351,
4352,學生證 
4353,
4354,
4355,性侵害 
4356,
4357,到府案 
4358,到府案 
4359,到府案 
4360,臺北市 營運案 臺北市 
4361,差異性 
4362,臺北市 公私立 高中職 學雜費 
4363,臺北市 公私立 高中職 學雜費 
4364,
4365,
4366,臺北市 路線圖 
4367,
4368,
4369,
4370,
4371,臺北市 
4372,
4373,公部門 
4374,
4375,
4376,要不要 扣薪水 
4377,
4378,
4379,
4380,
4381,自行車 流浪犬 
4382,流浪犬 
4383,
4384,
4385,
4386,上班日 
4387,
4388,性平法 
4389,
4390,
4391,
4392,
4393,目的地 
4394,特休假 
4395,資遣費 
4396,
4397,
4398,押標金 保證金 保證金 保證金 
4399,自然人 不動產 
4400,之常住 登記卡 公證處 公證書 基金會 
4401,自然人 不動產 不動產 
4402,不動產 
4403,大陸籍 居留證 
4404,
4405,看護工 勞動部 
4406,
4407,
4408,
4409,
4410,臺北市 
4411,
4412,高中職 勞動力 運用處 
4413,
4414,
4415,
4416,
4417,
4418,
4419,
4420,臺北市 
4421,停車費 通知單 通知單 
4422,斜坡道 申請人 
4423,斜坡道 
4424,人行道 
4425,人行道 露天座 
4426,人行道 露天座 
4427,人行道 露天座 
4428,人行道 
4429,臺北市 人行道 
4430,無遮簷 
4431,人行道 設施物 
4432,人行道 
4433,人行道 
4434,人行道 
4435,人行道 
4436,人行道 導盲磚 
4437,人行道 認養人 
4438,人行道 
4439,人行道 申請人 
4440,
4441,管理站 使用費 
4442,
4443,
4444,路不平 
4445,區公所 
4446,
4447,
4448,
4449,基本費 
4450,
4451,
4452,違約金 
4453,
4454,
4455,市政府 
4456,
4457,
4458,納稅人 要不要 手續費 
4459,臺北市 
4460,
4461,自來水 管承裝 臺北市 臺北市 
4462,自來水 
4463,申請書 
4464,
4465,
4466,
4467,
4468,
4469,那幾項 
4470,回饋金 
4471,臺北市 
4472,自來水 技術員 若未補 
4473,自來水 管承裝 商所稱 技術員 
4474,自來水 管承裝 
4475,同意書 承裝業 
4476,自來水 
4477,
4478,加油站 
4479,加油站 負責人 
4480,
4481,
4482,
4483,
4484,保護區 證明書 
4485,承裝業 
4486,臺北市 人行道 
4487,
4488,臺北市 廣告物 
4489,
4490,臺北市 廣告物 臺北市 廣告物 
4491,
4492,
4493,單方面 
4494,
4495,建築物 
4496,
4497,臺北市 建築群 審議會 
4498,
4499,
4500,林語堂 
4501,二二八 紀念館 
4502,建築物 
4503,會不會 
4504,
4505,有什麼 
4506,
4507,剝皮寮 
4508,
4509,
4510,
4511,
4512,
4513,
4514,
4515,留下來 市政府 
4516,臺北市 
4517,文獻館 
4518,文獻館 
4519,文獻館 
4520,文獻館 
4521,文獻館 
4522,
4523,臺北市 
4524,替代役 
4525,替代役 替代役 
4526,常備兵 
4527,
4528,
4529,183 
4530,
4531,
4532,
4533,
4534,補充兵 
4535,徵集令 
4536,幼犬貓 
4537,
4538,服兵役 
4539,
4540,
4541,
4542,
4543,
4544,替代役 替代役 
4545,替代役 替代役 
4546,替代役 
4547,
4548,替代役 
4549,替代役 替代役 
4550,檢查表 
4551,
4552,
4553,
4554,
4555,時所繳 
4556,臺北市 持香入 骨灰櫃 
4557,臺北市 國防部 
4558,臺北市 臺北市 
4559,臺北市 
4560,替代役 替代役 
4561,替代役 替代役 上下班 
4562,
4563,
4564,
4565,
4566,替代役 
4567,時有何 
4568,
4569,臺北市 例假日 
4570,臺北市 
4571,臺北市 
4572,義務役 
4573,臺北市 臺北市 
4574,戶籍地 戶籍地 
4575,人部分 掛號費 
4576,
4577,
4578,出租人 
4579,建管處 
4580,臺北市 
4581,
4582,支持性 
4583,
4584,
4585,
4586,市政府 公務員 
4587,駕駛人 穿越道 
4588,
4589,
4590,
4591,
4592,
4593,
4594,
4595,
4596,臺北市 慰問金 
4597,臺北市 
4598,按摩院 
4599,
4600,屠宰場 
4601,消費者 
4602,
4603,天文館 
4604,天文館 
4605,望遠鏡 觀測室 
4606,天文館 
4607,天文館 天文館 
4608,天文館 
4609,天文館 有沒有 
4610,天文館 
4611,天文館 有沒有 
4612,天文館 
4613,天文館 有沒有 嬰兒車 
4614,天文館 停車場 
4615,天文館 
4616,天文館 信用卡 旅遊卡 
4617,天文館 
4618,天文館 
4619,天文館 有沒有 停車場 
4620,天文館 
4621,天文館 
4622,天文館 有沒有 學習單 
4623,有關於 天文館 
4624,
4625,
4626,天文館 有沒有 置物箱 置物櫃 
4627,天文館 遊覽車 
4628,天文館 
4629,天文館 素食餐 
4630,科學館 國中生 
4631,補助案 
4632,
4633,
4634,指什麼 
4635,申請人 
4636,
4637,
4638,
4639,指什麼 
4640,衛教師 
4641,臺北市 吸菸區 
4642,有沒有 
4643,
4644,臺北市 
4645,臺北市 
4646,
4647,臺北市 
4648,自行車 
4649,禽流感 
4650,山坡地 
4651,
4652,
4653,服務處 區公所 
4654,臺北市 公私立 高中職 學雜費 
4655,臺北市 公私立 高中職 學雜費 
4656,事務所 
4657,申請人 斜坡道 
4658,人行道 
4659,人行道 出入口 
4660,人行道 露天座 
4661,露天座 
4662,設施物 
4663,露天座 
4664,申請人 人行道 露天座 
4665,人行道 露天座 
4666,人行道 認養人 
4667,
4668,臺北市 焚化廠 游泳池 
4669,證明書 
4670,外縣市 臺北市 
4671,高架橋 運動區 
4672,停車格 
4673,至本局 
4674,
4675,投票日 
4676,三小時 
4677,時薪制 
4678,葛瑪蘭 台北市 公運處 
4679,時薪制 
4680,資遣費 前六個 前六個 
4681,行業別 勞基法 
4682,
4683,公傷病 
4684,
4685,如先算 
4686,
4687,
4688,公司派 
4689,勞保局 或本局 
4690,退休金 資遣費 新舊制 資遣費 
4691,
4692,證明書 
4693,
4694,被害人 被害人 
4695,
4696,學雜費 臺北市 公私立 高中職 學雜費 
4697,違約金 
4698,
4699,臺北市 
4700,
4701,之人著 
4702,臺北市 
4703,102 消費性 
4704,
4705,資優生 學術性 資優班 
4706,
4707,
4708,
4709,公車站 
4710,公車站 
4711,
4712,
4713,
4714,
4715,勞檢處 
4716,市政府 
4717,
4718,
4719,工程處 
4720,
4721,補償費 
4722,地上物 補償費 
4723,
4724,
4725,使用費 
4726,使用費 
4727,使用費 
4728,
4729,
4730,市政府 
4731,
4732,休假日 
4733,
4734,環保局 
4735,
4736,
4737,
4738,
4739,垃圾袋 退換貨 
4740,垃圾袋 
4741,
4742,臺北市 勞動局 
4743,自來水 供應業 仲裁人 委員會 
4744,當事人 調解會 
4745,臺北市 
4746,臺北市 
4747,臺北市 
4748,
4749,當事人 
4750,
4751,
4752,勞動局 
4753,調解人 委員會 
4754,
4755,
4756,
4757,調解人 調解人 
4758,委員會 
4759,
4760,有什麼 
4761,
4762,
4763,當事人 仲裁人 仲裁人 由什麼 
4764,
4765,
4766,申請人 委員會 委員會 
4767,申請書 
4768,
4769,
4770,
4771,
4772,有什麼 
4773,委員會 申請人 
4774,
4775,勞動局 
4776,
4777,基準法 條所稱 
4778,經理人 勞基法 
4779,
4780,
4781,
4782,保護法 及大量 計畫書 
4783,算大量 
4784,
4785,
4786,智慧型 
4787,
4788,
4789,計程車 
4790,計程車 駕駛人 
4791,車輛數 
4792,計程車 
4793,計程車 
4794,
4795,
4796,
4797,防制法 
4798,外縣市 臺北市 
4799,
4800,
4801,電擊器 AED 
4802,復甦術 CPR 電擊器 AED 
4803,
4804,
4805,
4806,計程車 費用率 
4807,
4808,蜂鳴器 
4809,
4810,專用道 
4811,
4812,
4813,計程車 
4814,計程車 
4815,
4816,轉運站 
4817,轉運站 接駁區 計程車 排班區 
4818,轉運站 自行車 停車格 
4819,100 
4820,運動會 
4821,運動會 運動會 
4822,
4823,
4824,臺北市 
4825,
4826,運動會 
4827,使用費 
4828,
4829,
4830,
4831,
4832,
4833,
4834,
4835,例假日 休息日 休假日 有什麼 
4836,獎勵金 
4837,基準法 
4838,有關於 
4839,
4840,
4841,
4842,
4843,傳染病 
4844,傳染病 
4845,
4846,所得稅 
4847,看護工 排幾天 
4848,看護工 基準法 
4849,
4850,
4851,看護工 
4852,負責人 看護工 
4853,看護工 
4854,起重機 堆高機 
4855,
4856,
4857,看護工 看護工 
4858,
4859,安定費 
4860,有什麼 
4861,
4862,
4863,
4864,安定費 
4865,負責人 看護工 
4866,
4867,看護工 看護工 
4868,
4869,
4870,
4871,居留證 
4872,
4873,
4874,移民署 居留證 
4875,
4876,
4877,
4878,有什麼 
4879,
4880,
4881,翻譯員 
4882,
4883,
4884,幾天前 
4885,
4886,
4887,補助款 
4888,獎勵金 
4889,總人數 
4890,總人數 
4891,補助費 
4892,一般人 
4893,
4894,臺北市 運動會 
4895,資遣費 
4896,資遣費 
4897,臺北市 
4898,職業病 
4899,
4900,補助案 加班費 
4901,受僱人 
4902,
4903,
4904,
4905,補助案 
4906,
4907,
4908,
4909,保全業 保全業 第二款 第三款 
4910,
4911,
4912,
4913,保證人 
4914,
4915,補習班 拿回來 
4916,
4917,模特兒 新面孔 
4918,身分證 會不會 
4919,
4920,經銷商 
4921,身分證 
4922,
4923,
4924,申請人 
4925,
4926,臺北市 
4927,臺北市 律師費 
4928,
4929,
4930,資遣費 
4931,
4932,保險法 
4933,保險法 
4934,
4935,
4936,時薪制 工讀生 休假日 
4937,資遣費 
4938,
4939,
4940,勞基法 
4941,服務業 勞基法 
4942,服務業 會計師 勞基法 
4943,勞基法 
4944,勞基法 
4945,勞基法 
4946,幼稚園 托兒所 勞基法 
4947,
4948,休假日 
4949,
4950,基準法 
4951,工讀生 紀念日 勞動節 
4952,
4953,資遣費 勞基法 資遣費 
4954,資遣費 
4955,資遣費 
4956,
4957,勞基法 
4958,
4959,
4960,資遣費 
4961,勞動局 英文版 勞基法 
4962,公傷病 
4963,休假日 
4964,休假日 
4965,休假日 
4966,上班卡 
4967,
4968,
4969,
4970,
4971,上下班 
4972,加班費 
4973,或少發 
4974,
4975,放三天 後五天 加班費 
4976,上班日 不支薪 
4977,保證金 
4978,勞基法 
4979,
4980,分公司 
4981,算不算 
4982,
4983,
4984,
4985,
4986,
4987,
4988,
4989,試用期 試用期 
4990,賠償金 
4991,
4992,
4993,勞基法 
4994,
4995,賠償金 
4996,公傷假 公傷假 公傷假 
4997,
4998,
4999,
5000,
5001,
5002,
5003,性工作 
5004,或義母 
5005,
5006,
5007,
5008,
5009,
5010,
5011,
5012,保證金 
5013,模特兒 模特兒 
5014,
5015,
5016,
5017,
5018,例假日 
5019,會不會 
5020,勞動局 
5021,
5022,基準法 條各款 
5023,新臺幣 
5024,保險法 
5025,保險法 
5026,保險法 
5027,保險法 
5028,保險法 
5029,保險法 
5030,
5031,保險法 
5032,保險法 
5033,負責人 勞動部 105 號函及 105 
5034,
5035,保險法 
5036,
5037,保險法 
5038,保險法 
5039,影響到 
5040,自願性 證明書 
5041,
5042,
5043,
5044,
5045,
5046,
5047,出生地 
5048,性傾向 
5049,
5050,
5051,
5052,
5053,
5054,
5055,
5056,所在地 當地人 當地人 
5057,
5058,
5059,服務法 
5060,
5061,陪產假 陪產假 
5062,
5063,
5064,
5065,
5066,
5067,
5068,之虞該 
5069,衛生法 
5070,
5071,臺北市 
5072,
5073,
5074,
5075,有多少 
5076,
5077,
5078,
5079,補助案 
5080,補助案 
5081,補助案 
5082,
5083,準備金 
5084,準備金 
5085,臺北市 商業處 
5086,
5087,
5088,
5089,準備金 
5090,準備金 
5091,準備金 
5092,準備金 有沒有 
5093,
5094,
5095,
5096,
5097,
5098,所在地 
5099,
5100,
5101,
5102,
5103,準備金 
5104,準備金 委員會 
5105,準備金 
5106,準備金 
5107,準備金 委員會 負責人 外國人 
5108,經理人 準備金 委員會 
5109,準備金 
5110,有沒有 
5111,準備金 繳款單 
5112,準備金 
5113,準備金 
5114,
5115,退休金 準備金 
5116,新舊制 
5117,準備金 退休金 
5118,新舊制 
5119,
5120,依舊制 準備金 可攜式 
5121,資遣費 準備金 資遣費 
5122,準備金 
5123,退休金 基準法 準備金 
5124,
5125,經理人 退休金 準備金 
5126,準備金 
5127,準備金 
5128,勞保局 退休金 勞動局 準備金 
5129,退休金 
5130,準備金 
5131,勞動局 
5132,
5133,準備金 基準法 繳一次 
5134,
5135,勞動局 準備金 
5136,經理人 
5137,經理人 退休金 
5138,經理人 
5139,新舊制 資遣費 
5140,福利金 
5141,委員會 
5142,
5143,申請人 
5144,
5145,
5146,
5147,高中職 
5148,還可以 
5149,
5150,還可以 
5151,
5152,
5153,
5154,
5155,106 
5156,家庭年 148 
5157,家庭年 
5158,
5159,
5160,
5161,
5162,
5163,
5164,
5165,
5166,福利金 委員會 福利金 
5167,勞健保 高年齡 
5168,不可以 
5169,
5170,委員會 
5171,委員會 預算書 決算書 
5172,委員會 總幹事 
5173,委員會 
5174,委員會 委員會 
5175,福利金 
5176,資本額 福利金 
5177,薪津扣 福利金 
5178,分公司 委員會 
5179,委員會 
5180,福利金 
5181,委員會 
5182,委員會 限本市 
5183,福利金 第二條 第一項 第一款 福利金 
5184,福利金 
5185,工讀生 契約工 福利金 
5186,登記證 
5187,
5188,委員會 
5189,委員會 福利金 
5190,
5191,委員會 
5192,
5193,
5194,
5195,
5196,關係科 
5197,
5198,
5199,
5200,
5201,
5202,通行證 
5203,
5204,通行證 
5205,通行證 
5206,停車位 識別證 
5207,工作坊 語言班 
5208,臺北市 
5209,
5210,
5211,
5212,管理法 
5213,環保局 
5214,管理法 101 環保局 
5215,臺北市 環保局 輔導團 
5216,臺北市 
5217,
5218,管理法 
5219,管理法 
5220,環保署 管理法 
5221,管理法 污染物 
5222,
5223,管理法 
5224,臺北市 119 救護車 119 
5225,臺北市 119 救護車 
5226,119 救護車 
5227,臺北市 119 救護車 救護車 
5228,
5229,
5230,
5231,
5232,
5233,
5234,不動產 義務人 
5235,門診部 掛號費 
5236,身分證 
5237,飲用水 
5238,環保局 飲用水 
5239,臺北市 婚後孕 唐氏症 
5240,
5241,
5242,之車權 
5243,
5244,止算日 
5245,監護權 身分證 
5246,身分證 
5247,垃圾包 不可以 
5248,
5249,身分證 
5250,
5251,嘉年華 
5252,低地板 
5253,
5254,腳踏車 算不算 
5255,
5256,
5257,
5258,有多少 租賃站 有多少 
5259,
5260,
5261,
5262,
5263,有沒有 安全帽 
5264,悠遊卡 會不會 
5265,租賃站 
5266,
5267,租賃站 
5268,
5269,會不會 
5270,
5271,
5272,
5273,
5274,
5275,
5276,
5277,車輛數 
5278,
5279,臺北市 服務團 臺北市 服務團 
5280,
5281,
5282,臺北市 
5283,獎勵金 
5284,環保局 
5285,警察局 
5286,高中職 
5287,
5288,高中職 
5289,
5290,
5291,出版品 
5292,
5293,臺北市 
5294,臺北市 
5295,
5296,小撇步 
5297,臺北市 例行性 
5298,衛生局 
5299,自然人 
5300,地政士 
5301,事務所 
5302,會不會 
5303,臺北市 義務人 
5304,
5305,
5306,
5307,真實性 
5308,
5309,
5310,
5311,
5312,預售屋 代銷業 
5313,不動產 營業處 契約書 契約書 
5314,
5315,親等間 
5316,
5317,權利人 地政士 不動產 經紀業 
5318,不動產 
5319,
5320,成交價 
5321,申報書 郵寄至 事務所 
5322,101 
5323,自然人 
5324,
5325,預售屋 
5326,自然人 
5327,不動產 
5328,不動產 不動產 
5329,不動產 
5330,
5331,
5332,不動產 
5333,
5334,
5335,貓沙要 
5336,
5337,
5338,保麗龍 低密度 聚乙烯 
5339,停車證 停車位 識別證 
5340,
5341,有多少 
5342,原料藥 製造業 製造業 
5343,一日票 一日票 
5344,停車位 識別證 
5345,
5346,沒辦法 
5347,
5348,
5349,
5350,停車格 
5351,
5352,號碼牌 
5353,
5354,人得否 
5355,
5356,
5357,辦公室 
5358,瀏覽器 
5359,第一次 統計表 
5360,
5361,
5362,保險證 
5363,統計表 
5364,
5365,
5366,
5367,101 統計表 
5368,資料表 
5369,
5370,
5371,辦公室 辦公室 
5372,
5373,
5374,
5375,
5376,
5377,上下班 統計表 
5378,垃圾車 垃圾袋 
5379,申請人 申請到 
5380,天然氣 
5381,
5382,自然人 
5383,停車位 識別證 通知單 
5384,
5385,
5386,
5387,
5388,
5389,
5390,
5391,
5392,臺北市 
5393,
5394,申請書 
5395,
5396,補償費 一部分 
5397,計畫區 
5398,
5399,臺北市 保留地 
5400,保留地 
5401,
5402,
5403,申請人 所有權 
5404,不動產 不動產 經紀業 
5405,
5406,垃圾袋 垃圾袋 
5407,
5408,回收箱 
5409,冷氣機 環保局 
5410,回收箱 
5411,臺北市 
5412,法務部 執行署 通知函 
5413,有什麼 
5414,有空攤 
5415,
5416,臺北市 豪宅稅 
5417,房屋稅 
5418,房屋稅 
5419,
5420,義務人 認定為 
5421,
5422,APP 
5423,焚化廠 
5424,建管處 資訊室 
5425,動物園 
5426,臺北市 安樂死 
5427,臺北市 獎勵金 
5428,
5429,
5430,
5431,
5432,
5433,
5434,臺北市 有沒有 禽流感 
5435,流行性 
5436,流行性 
5437,寵物鳥 禽流感 
5438,會不會 禽流感 
5439,臺北市 禽流感 
5440,禽流感 
5441,禽流感 有沒有 
5442,禽流感 
5443,流行性 
5444,
5445,禽流感 
5446,禽流感 
5447,
5448,
5449,牛奶盒 鋁箔包 
5450,垃圾袋 
5451,環保局 垃圾袋 
5452,學雜費 
5453,學雜費 
5454,
5455,家長會 
5456,臺北市 過動兒 輔導課 
5457,公眾區 
5458,公眾區 
5459,公眾區 
5460,公眾區 
5461,公眾區 
5462,公眾區 
5463,公眾區 
5464,智慧型 吃到飽 公眾區 
5465,
5466,智慧型 公眾區 
5467,公眾區 
5468,電磁波 會不會 會不會 
5469,智慧型 公眾區 
5470,收不到 公眾區 
5471,智慧型 筆記型 
5472,公眾區 
5473,
5474,幼兒園 教師證 
5475,
5476,申請人 寬限期 寬限期 
5477,臺北市 
5478,申請人 教育部 教育部 
5479,
5480,
5481,申請到 臺北市 
5482,
5483,前分次 
5484,申請人 第四條 
5485,申請人 
5486,申請到 
5487,
5488,
5489,
5490,
5491,臺北市 
5492,臺北市 向承貸 
5493,臺北市 
5494,保證人 保證人 
5495,
5496,教師證 
5497,寬限期 寬限期 
5498,
5499,有多少 
5500,申請人 
5501,臺北市 性侵害 性騷擾 性霸凌 
5502,
5503,
5504,
5505,政風室 
5506,
5507,
5508,幼稚園 
5509,
5510,健身房 牛仔褲 
5511,游泳池 
5512,
5513,手續費 
5514,手續費 
5515,游泳池 
5516,
5517,學生票 
5518,
5519,吹風機 
5520,游泳池 更衣室 
5521,
5522,
5523,停車位 識別證 
5524,
5525,
5526,
5527,
5528,臺北市 
5529,申請書 
5530,建築圖 
5531,建築圖 
5532,
5533,建築圖 竣工圖 
5534,
5535,管委會 一整棟 竣工圖 
5536,
5537,
5538,
5539,
5540,
5541,
5542,
5543,廢棄物 
5544,建管處 建管處 補助費 
5545,自來水 建管處 
5546,
5547,下水道 防火巷 建管處 
5548,
5549,
5550,建築物 地下室 
5551,
5552,服務台 
5553,契約書 
5554,建管處 
5555,預售屋 
5556,
5557,過大該 
5558,建築物 
5559,建築物 起造人 
5560,
5561,要備何 
5562,
5563,
5564,
5565,如欲向 工程處 
5566,
5567,
5568,事務所 變更為 
5569,
5570,變更為 自家車 要不要 
5571,
5572,畸零地 
5573,畸零地 
5574,
5575,管委會 
5576,輪椅區 安全帶 
5577,臺北市 山坡地 流潛勢 
5578,臺北市 山坡地 
5579,未足齡 
5580,資源班 
5581,
5582,
5583,
5584,
5585,未足齡 
5586,未足齡 
5587,未足齡 
5588,未足齡 
5589,未足齡 
5590,未足齡 
5591,
5592,
5593,貴子坑 
5594,內溝溪 展示館 
5595,動物園 
5596,臺北市 販賣業 
5597,檳榔汁 口香糖 廢棄物 
5598,
5599,CAS 
5600,小型車 安全帶 
5601,計程車 安全帶 
5602,安全帶 
5603,小型車 安全帶 
5604,安全帶 安全帶 
5605,指幾歲 
5606,安全帶 
5607,小型車 安全帶 
5608,
5609,使用費 
5610,
5611,圖書館 借閱證 
5612,悠遊卡 借閱證 
5613,
5614,借閱證 
5615,圖書證 
5616,
5617,
5618,
5619,借閱證 
5620,
5621,圖書館 借閱證 
5622,圖書館 
5623,圖書館 
5624,兒童室 
5625,
5626,
5627,臺北市 圖書館 國中生 
5628,
5629,
5630,
5631,圖書館 
5632,預約書 
5633,預約書 預約書 
5634,
5635,悠遊卡 借閱證 
5636,圖書館 
5637,借閱證 帶什麼 
5638,借閱證 
5639,借閱證 
5640,悠遊卡 借閱證 
5641,悠遊卡 
5642,
5643,臺北市 
5644,臺北市 臺北市 
5645,
5646,臺北市 
5647,前遭人 
5648,圖書館 
5649,
5650,圖書館 
5651,
5652,
5653,
5654,
5655,
5656,臺北市 
5657,
5658,臺北市 
5659,圖書館 
5660,圖書區 
5661,預約書 
5662,
5663,借閱證 
5664,借閱證 人代借 
5665,悠遊卡 借閱證 
5666,悠遊卡 借閱證 圖書館 
5667,悠遊卡 借閱證 
5668,悠遊卡 借閱證 
5669,圖書館 借閱證 
5670,借閱證 
5671,小朋友 身分證 借閱證 
5672,臺北市 申請人 不動產 
5673,農產品 
5674,農產品 
5675,農產品 
5676,在一起 
5677,
5678,農產品 
5679,
5680,購買到 
5681,
5682,
5683,有小貓 
5684,登記證 
5685,
5686,地上權 改良物 工作物 第三人 改良物 工作物 地上權 
5687,地上權 繼承人 地上權 
5688,購買權 
5689,地上權 地上權 事務所 
5690,繼承人 登記為 
5691,申請人 
5692,申請人 
5693,權利人 繼承人 關係人 
5694,
5695,
5696,保管場 一時間 
5697,保管場 
5698,
5699,
5700,
5701,警察局 
5702,明顯處 勸導單 
5703,
5704,自家門 停車格 
5705,證明書 
5706,防火巷 
5707,
5708,
5709,
5710,證明書 
5711,
5712,樓地板 
5713,樓梯間 
5714,樓梯間 
5715,有沒有 市政府 
5716,
5717,
5718,
5719,
5720,招牌燈 
5721,
5722,
5723,
5724,大氣球 廣告物 
5725,
5726,
5727,
5728,臺北市 服務處 服務站 一覽表 
5729,
5730,
5731,動物園 保險費 
5732,
5733,自行車 
5734,
5735,
5736,
5737,臺北市 
5738,殯儀館 
5739,
5740,身後事 
5741,臺北市 
5742,
5743,許可證 
5744,
5745,
5746,
5747,臺北市 
5748,
5749,
5750,
5751,
5752,捐款給 臺北市 管理處 
5753,
5754,
5755,臺北市 集中場 
5756,
5757,龍山寺 地下街 
5758,游泳池 管委會 
5759,基準法 
5760,加班費 
5761,公務車 停車場 
5762,例假日 
5763,基準法 
5764,副首長 紀錄單 
5765,紀錄單 
5766,
5767,
5768,
5769,
5770,
5771,保管費 
5772,
5773,性侵害 
5774,性騷擾 
5775,
5776,
5777,警報器 
5778,
5779,
5780,防火巷 能不能 
5781,
5782,腳踏車 人行道 
5783,照相機 
5784,人行道 斜坡道 
5785,停車場 
5786,
5787,
5788,臺北市 發展局 國內外 參訪團 
5789,
5790,福德坑 
5791,疏散門 紅黃線 附條件 附條件 
5792,門周邊 紅黃線 附條件 
5793,疏散門 
5794,
5795,紅綠燈 號誌燈 路名牌 
5796,臺北市 
5797,
5798,
5799,文湖線 
5800,停車位 識別證 
5801,停車位 
5802,地下水 
5803,承裝業 
5804,取用費 取用費 
5805,
5806,
5807,
5808,停車場 餐飲店 餐飲店 會不會 
5809,
5810,
5811,
5812,保存盒 
5813,防制法 
5814,通知單 通知單 通知單 
5815,停車格 
5816,500 
5817,
5818,資本額 
5819,潛能區 
5820,駕駛人 停車位 
5821,維護費 清潔費 要不要 娛樂稅 
5822,臺北市 
5823,臨時性 娛樂稅 
5824,地價稅 
5825,悠遊卡 各票種 
5826,
5827,臺北市 稽徵處 義務人 
5828,營建署 山坡地 
5829,山坡地 
5830,臺北市 山坡地 
5831,保留地 地價稅 
5832,玻璃窗 要不要 房屋稅 
5833,
5834,
5835,房屋稅 
5836,濾水器 
5837,自來水 
5838,淨水器 
5839,
5840,不適任 
5841,
5842,外縣市 
5843,
5844,臺北市 委員會 
5845,外縣市 
5846,臺北市 委員會 
5847,臺北市 教育局 臺北市 委員會 
5848,
5849,
5850,基本費 
5851,可向何 
5852,
5853,下水道 使用費 
5854,停車場 
5855,
5856,通知單 
5857,停車場 開罰單 
5858,水溝蓋 
5859,勸導單 
5860,
5861,
5862,
5863,並無立 標誌牌 
5864,
5865,許可證 
5866,
5867,許可證 
5868,
5869,
5870,之有證 許可證 
5871,申請書 
5872,稅捐處 
5873,繼承人 
5874,櫃員機 ATM 金融卡 信用卡 
5875,地價稅 
5876,免扣證 
5877,哪些稅 
5878,
5879,交易稅 
5880,奢侈稅 
5881,貨物稅 
5882,營業稅 
5883,基金會 
5884,房屋稅 
5885,地價稅 
5886,房屋稅 
5887,自來水 
5888,自由行 臺北市 有什麼 
5889,幼兒園 
5890,停車場 
5891,停車位 識別證 
5892,停車位 
5893,停車位 識別證 繳費單 
5894,通知單 
5895,
5896,
5897,
5898,
5899,
5900,
5901,垃圾袋 
5902,溫泉區 
5903,取用費 
5904,
5905,
5906,
5907,交通費 
5908,
5909,動物園 
5910,動物園 
5911,事務所 
5912,原住民 臺北市 市場處 承租權 
5913,
5914,包種茶 
5915,
5916,
5917,外國人 不動產 
5918,外國人 不動產 
5919,外國人 不動產 
5920,外國人 應先經 
5921,不動產 
5922,中獎人 要不要 印花稅 
5923,要不要 印花稅 
5924,要不要 印花稅 
5925,印花稅 
5926,
5927,
5928,
5929,
5930,動物園 
5931,
5932,動物園 
5933,動物園 學習單 
5934,溫泉區 
5935,下可免 
5936,游泳池 
5937,衛生局 
5938,慰問金 
5939,
5940,
5941,其約用 
5942,臺北市 
5943,研究所 補助費 
5944,代理人 總人數 
5945,
5946,檳榔汁 
5947,
5948,承裝業 自來水 地下水 天然氣 承裝業 
5949,自來水 
5950,自來水 
5951,承裝業 
5952,
5953,肇事者 
5954,過高時 
5955,承租人 
5956,外縣市 
5957,辦公室 直轄市 
5958,
5959,出租人 直轄市 
5960,出租人 直轄市 
5961,101 不動產 
5962,導盲犬 動物園 
5963,
5964,建築物 
5965,契約書 
5966,歌謠班 
5967,
5968,
5969,管理法 臺北市 工商業 市政府 
5970,
5971,植物園 
5972,貴子坑 露營場 
5973,貴子坑 露營場 
5974,貴子坑 露營場 開進去 
5975,貴子坑 露營場 
5976,貴子坑 露營場 
5977,貴子坑 露營場 
5978,保安林 保安林 
5979,動物園 
5980,動物園 
5981,農產品 販運商 許可證 
5982,農產品 漁產品 販運商 許可證 
5983,腳踏車 
5984,臺北市 
5985,
5986,
5987,休市日 
5988,
5989,臺北市 
5990,
5991,有空攤 
5992,
5993,
5994,臺北市 市場處 地下街 
5995,地下街 
5996,人行道 
5997,臺北市 市場處 
5998,承租人 
5999,
6000,使用費 繳款單 
6001,市場處 轉讓給 
6002,地下街 
6003,
6004,證明書 
6005,原住民 臺北市 市場處 
6006,
6007,
6008,
6009,
6010,
6011,
6012,優惠票 
6013,置物櫃 
6014,
6015,服務卡 
6016,游泳池 游泳圈 
6017,游泳池 
6018,
6019,游泳池 
6020,
6021,游泳池 使用費 游泳池 
6022,游泳池 
6023,游泳池 
6024,
6025,
6026,健身房 
6027,游泳池 
6028,游泳池 
6029,游泳池 
6030,游泳池 
6031,
6032,
6033,
6034,農產品 CAS 
6035,紀念章 
6036,
6037,消費者 
6038,CAS 
6039,CAS 農產品 
6040,農產品 CAS 
6041,CAS 
6042,CAS 
6043,
6044,工商業 
6045,
6046,取用費 
6047,工商業 工商業 
6048,農產品 化學品 農產品 管理法 
6049,農產品 農產品 加工品 
6050,農產品 
6051,農產品 農產品 加工品 
6052,農產品 
6053,農產品 農產品 加工品 消費者 
6054,消費者 農產品 農產品 
6055,農產品 消費者 農產品 
6056,消費者 農產品 農產品 
6057,臺北市 輔導區 
6058,
6059,
6060,證明書 
6061,
6062,加工品 
6063,
6064,農產品 加工品 
6065,加工品 
6066,加工品 十五時 
6067,農產品 加工品 
6068,農產品 農產品 農產品 有沒有 
6069,農產品 管理法 農產品 加工品 農產品 
6070,農產品 加工品 
6071,農產品 農產品 消費者 農產品 農產品 管理法 
6072,農產品 管理法 農產品 農產品 加工品 不可以 
6073,農產品 
6074,農產品 
6075,有機米 
6076,哺乳室 哺乳室 
6077,農產品 農產品 
6078,農產品 
6079,農產品 加工品 
6080,加工品 農產品 加工品 加工品 
6081,農產品 
6082,農產品 加工品 
6083,農委會 農產品 加工品 
6084,農產品 加工品 農委會 
6085,農產品 農產品 農產品 農產品 
6086,農產品 農產品 加工品 農產品 農產品 
6087,農產品 加工品 
6088,垃圾袋 
6089,臺北市 
6090,承裝業 
6091,建築物 
6092,
6093,福德坑 山水綠 
6094,停車格 
6095,農產品 
6096,農產品 
6097,農產品 
6098,農產品 
6099,農產品 
6100,農產品 加工品 
6101,農產品 加工品 
6102,農產品 加工品 
6103,取用費 
6104,白石湖 草莓園 
6105,草莓園 
6106,
6107,青少年 
6108,
6109,
6110,人行道 
6111,停車場 
6112,
6113,自來水 自來水 事業處 
6114,
6115,
6116,
6117,有什麼 
6118,漂白水 
6119,自來水 
6120,
6121,繼承人 
6122,
6123,
6124,禁限建 容積率 
6125,禁限建 捷運局 
6126,臺北市 充電站 
6127,
6128,消費性 
6129,臺北市 
6130,退休金 退休金 
6131,負責人 申請書 
6132,申請書 身分證 身分證 申請書 
6133,申請人 
6134,文化館 
6135,申請書 消費性 
6136,申請書 消費性 
6137,消費性 
6138,
6139,回饋費 
6140,
6141,
6142,
6143,
6144,可將家 
6145,建築物 自來水 
6146,
6147,設計圖 
6148,
6149,
6150,
6151,美術館 
6152,
6153,李國鼎 
6154,
6155,
6156,藝術館 
6157,藝術館 
6158,藝術館 
6159,藝術館 
6160,偶戲館 
6161,
6162,藝術村 
6163,申請市 
6164,聯絡人 
6165,臺北市 
6166,
6167,垃圾袋 儲值卡 信用卡 
6168,垃圾袋 
6169,臺北市 競爭力 
6170,臺北市 
6171,
6172,
6173,
6174,動物園 信用卡 旅遊卡 素食餐 
6175,信用卡 
6176,
6177,
6178,
6179,
6180,
6181,
6182,回收物 集中地 
6183,腸病毒 
6184,
6185,自來水 事業處 
6186,
6187,回數票 
6188,
6189,
6190,游泳池 救生員 
6191,
6192,游泳池 
6193,游泳池 
6194,停車場 悠遊卡 
6195,
6196,候選人 停車格 
6197,流浪貓 
6198,流浪狗 
6199,大小便 
6200,我家養 
6201,前幾天 
6202,觀賞到 
6203,雕刻品 
6204,管理處 
6205,
6206,
6207,
6208,存摺戶 負責人 
6209,
6210,
6211,獎勵金 
6212,
6213,
6214,通知單 
6215,
6216,運動館 
6217,
6218,
6219,
6220,
6221,音樂會 問答集 FAQ 
6222,
6223,
6224,
6225,
6226,
6227,電話費 基本費 使用費 自來水 使用費 
6228,台北市 
6229,
6230,
6231,能不能 
6232,
6233,
6234,請本處 約聘僱 
6235,
6236,
6237,帶什麼 
6238,申請案 
6239,
6240,補助金 
6241,補助金 
6242,動物園 
6243,
6244,溫泉法 緩衝期 延長至 
6245,兩段式 
6246,
6247,自行車 自行車 
6248,自行車 人如有 
6249,自行車 自行車 移置費 保管費 
6250,自行車 自行車 
6251,自行車 自行車 
6252,自行車 自行車 
6253,建築物 100 建築物 補償費 安置費 萬元及 遷移費 
6254,臺北市 建築物 
6255,臺北市 建築物 
6256,臺北市 處理費 
6257,臺北市 處理費 
6258,臺北市 救濟金 
6259,臺北市 
6260,抵押權 
6261,事務所 
6262,
6263,回收筒 設置點 
6264,
6265,
6266,不動產 
6267,自然人 
6268,
6269,聖帝君 人與現 
6270,浙江省 
6271,權利人 
6272,登記為 
6273,
6274,
6275,
6276,條所指 地上權 
6277,地上權 地上權 
6278,地上權 
6279,地上權 地上權 繼承人 
6280,地上權 地上權 地上權 
6281,
6282,權利人 
6283,權利人 繼承人 
6284,
6285,
6286,條所稱 
6287,
6288,事務所 
6289,登記簿 抵押權 抵押權 事務所 
6290,地上權 
6291,地上權 
6292,抵押權 證明書 切結書 
6293,抵押權 
6294,
6295,
6296,前未經 
6297,一得否 抵押權 
6298,抵押權 
6299,抵押權 抵押權 
6300,
6301,
6302,登記為 
6303,權利人 關係人 
6304,權利人 關係人 
6305,
6306,購買權 
6307,會之現 
6308,關係人 事務所 
6309,仍無人 
6310,權利人 關係人 權利人 
6311,哪一類 
6312,事務所 事務所 
6313,事務所 
6314,
6315,
6316,
6317,
6318,
6319,
6320,自然人 
6321,處理廠 
6322,處理廠 停車場 
6323,管理法 臺北市 工商業 
6324,
6325,獎勵金 從什麼 
6326,獎勵金 100 
6327,獎勵金 
6328,獎勵金 
6329,獎勵金 雙胞胎 
6330,外縣市 臺北市 領每胎 獎勵金 
6331,紀念品 
6332,
6333,民政局 事務所 
6334,
6335,所得稅 
6336,地方稅 戶籍地 
6337,吊掛式 掉落物 
6338,吊掛式 安全帶 並鉤掛 
6339,起重機 須再經 
6340,指定為 升降機 
6341,回收物 
6342,起重機 合格證 
6343,看護工 
6344,看護工 
6345,
6346,
6347,營造業 
6348,休閒業 
6349,臺北市 
6350,禁限建 
6351,禁限建 
6352,禁限建 限建區 
6353,禁限建 文湖線 
6354,禁限建 
6355,都會區 契約書 
6356,
6357,建築物 
6358,地上物 有什麼 
6359,
6360,
6361,
6362,
6363,
6364,
6365,投資人 
6366,關係人 
6367,
6368,關係人 
6369,協議書 
6370,
6371,
6372,
6373,
6374,地價稅 
6375,有什麼 
6376,文湖線 木柵線 
6377,
6378,副產物 
6379,齲齒率 飲用水 
6380,優養化 
6381,飲用水 
6382,
6383,
6384,
6385,動物園 
6386,動物園 
6387,號碼牌 
6388,環保局 臨時工 獎學金 
6389,危險性 危險性 
6390,
6391,
6392,秘書處 建築師 地政士 
6393,臺北市 
6394,臺北市 
6395,臺北市 
6396,秘書處 
6397,
6398,原住民 
6399,
6400,原住民 原住民 
6401,原住民 原住民 原住民 
6402,語言班 
6403,
6404,
6405,回饋費 
6406,回饋費 
6407,山坡地 回饋金 
6408,
6409,臺北市 
6410,
6411,臺北市 有沒有 
6412,
6413,臺北市 
6414,臺北市 流潛勢 
6415,
6416,貴子坑 露營場 
6417,保安林 保安林 
6418,山坡地 開發案 
6419,山坡地 現行犯 
6420,山限區 
6421,保證金 
6422,申請案 
6423,山坡地 
6424,
6425,
6426,
6427,
6428,計程車 駕駛人 
6429,計程車 駕駛人 登記證 
6430,計程車 駕駛人 登記證 
6431,計程車 駕駛人 
6432,移動式 障礙物 
6433,出入口 停車位 
6434,私有地 
6435,移動式 
6436,第二天 保管費 
6437,
6438,
6439,自小客 停車位 
6440,
6441,
6442,
6443,開紅單 
6444,
6445,通知單 
6446,自行車 人行道 
6447,人行道 斜坡道 
6448,
6449,
6450,
6451,
6452,
6453,
6454,下水道 
6455,
6456,
6457,居留證 身分證 
6458,所在地 
6459,
6460,年休假 
6461,
6462,
6463,
6464,
6465,公開化 透明化 
6466,
6467,
6468,
6469,
6470,
6471,
6472,
6473,垃圾袋 垃圾袋 
6474,不動產 估價師 事務所 
6475,不動產 估價師 
6476,冷氣機 
6477,
6478,交通費 
6479,
6480,補助金 
6481,
6482,電磁波 
6483,垃圾袋 
6484,臺北市 污水廠 
6485,處理廠 使用費 保證金 
6486,處理廠 
6487,放流水 
6488,
6489,處理廠 回饋金 
6490,污水廠 
6491,污水廠 
6492,處理廠 回饋金 
6493,幾天前 
6494,多少元 
6495,增值稅 
6496,計程車 
6497,臺北市 加油站 
6498,地下水 
6499,
6500,禽流感 小朋友 動物園 
6501,企鵝館 閃光燈 
6502,動物園 
6503,動物園 
6504,不可以 動物園 
6505,臺北市 幼兒園 
6506,客家語 
6507,
6508,客委會 
6509,客委會 
6510,客家話 有什麼 
6511,
6512,計程車 
6513,停靠區 遊覽車 
6514,水費單 下水道 使用費 
6515,有沒有 下水道 
6516,下水道 使用費 
6517,專用道 
6518,駕駛人 
6519,電磁波 
6520,
6521,保證金 
6522,保證金 
6523,自來水 自來水 哪一個 自來水 
6524,
6525,
6526,
6527,
6528,
6529,所有權 第一次 所有權 第一次 
6530,
6531,
6532,
6533,保管場 手續費 
6534,地下水 
6535,公有路 停車場 
6536,腳踏車 代步車 停車格 
6537,停車格 停管處 
6538,
6539,地下水 
6540,
6541,公務員 
6542,地籍圖 
6543,應備何 
6544,地上權 其應備 
6545,標準圖 
6546,
6547,抄表員 
6548,
6549,
6550,
6551,
6552,使用費 
6553,
6554,悠遊卡 並可請 
6555,基本費 
6556,地熱谷 
6557,溫泉水 
6558,
6559,地熱谷 
6560,
6561,
6562,
6563,
6564,
6565,陽明山 行義路 屬本處 
6566,
6567,
6568,
6569,
6570,
6571,信用卡 
6572,保證金 
6573,
6574,
6575,
6576,空屋戶 基本費 下水道 回饋費 
6577,
6578,
6579,紀念日 違約金 
6580,
6581,
6582,陽明山 自來水 回饋費 
6583,新店溪 自來水 保護區 
6584,保護區 自來水 回饋費 
6585,陽明山 
6586,要不要 回饋費 
6587,回饋費 
6588,基本費 
6589,
6590,
6591,
6592,
6593,
6594,自來水 
6595,承租人 
6596,
6597,
6598,
6599,還可以 
6600,
6601,
6602,一般性 
6603,臺北市 
6604,臺北市 
6605,英文版 
6606,計畫書 報告書 
6607,
6608,處理廠 
6609,
6610,
6611,
6612,
6613,
6614,
6615,
6616,
6617,
6618,
6619,
6620,飲用水 
6621,
6622,
6623,臺北市 
6624,下水道 
6625,下水道 地下室 化糞池 
6626,游泳池 
6627,處理廠 
6628,處理廠 
6629,房屋稅 
6630,
6631,計程車 信用卡 
6632,計程車 
6633,悠遊卡 市政府 
6634,臺北市 悠遊卡 
6635,
6636,證明書 
6637,
6638,檢舉人 陳情人 公務員 
6639,
6640,公務員 
6641,新住民 
6642,製造業 
6643,
6644,證明書 
6645,
6646,
6647,房屋稅 
6648,牌照稅 繳款書 
6649,文湖線 行李架 第幾節 
6650,時應備 
6651,環保署 108 污染物 
6652,環保局 
6653,
6654,
6655,空污費 
6656,
6657,註明為 兩用車 停車格 
6658,環保局 
6659,管制法 
6660,冷氣機 
6661,管制區 
6662,悠遊卡 停車場 
6663,
6664,高架橋 停車場 柵欄式 
6665,停車位 識別證 
6666,停車費 停車費 
6667,停車區 
6668,停車位 
6669,停車位 
6670,停車位 
6671,出入口 停車位 
6672,停車格 
6673,
6674,停車位 停車場 
6675,停車格 
6676,
6677,
6678,
6679,工程處 停車費 
6680,通知單 
6681,
6682,臺北市 停車費 繳費單 
6683,停車場 
6684,
6685,
6686,
6687,停車費 
6688,停車費 工本費 
6689,汽機車 
6690,
6691,
6692,
6693,停車格 
6694,停車費 
6695,告發單 
6696,
6697,董監事 臺北市 地方稅 
6698,
6699,房屋稅 義務人 
6700,增值稅 
6701,
6702,外縣市 臺北市 臺北市 牌照稅 
6703,玻璃窗 要不要 房屋稅 
6704,房屋稅 
6705,出租給 房屋稅 
6706,房屋稅 會不會 合併成 
6707,將全戶 會不會 地價稅 
6708,估價單 報價單 要不要 
6709,約定書 父母親 
6710,牌照稅 
6711,衛生紙 
6712,停車費 信用卡 
6713,識別證 
6714,停車費 停管處 
6715,星期一 星期五 
6716,計程車 計程車 合作社 差異性 
6717,悠遊卡 年齡層 
6718,計程車 
6719,
6720,電子報 
6721,判決書 
6722,
6723,通知單 停車費 通知單 臺北市 外縣市 臺北市 
6724,
6725,建築物 地下室 停車場 房屋稅 
6726,要向何 
6727,
6728,負責人 
6729,地形圖 
6730,
6731,當事人 外縣市 
6732,臺北市 識別證 臺北市 
6733,
6734,臺北市 
6735,
6736,
6737,
6738,
6739,防制區 防制區 
6740,監測站 
6741,
6742,
6743,環保局 
6744,牌照稅 
6745,
6746,市公車 監視器 
6747,
6748,
6749,化粧品 許可證 
6750,
6751,化粧品 
6752,計程車 服務業 
6753,市政府 
6754,
6755,
6756,
6757,計程車 合作社 
6758,計程車 招呼站 
6759,交通局 計程車 
6760,分段點 
6761,分段點 
6762,
6763,
6764,計程車 
6765,
6766,計程車 招呼站 
6767,計程車 
6768,計程車 合作社 
6769,計程車 客運業 
6770,
6771,陽明山 
6772,候車亭 
6773,
6774,
6775,
6776,
6777,應向何 
6778,查得到 
6779,
6780,輻射屋 
6781,斡旋金 
6782,
6783,
6784,
6785,
6786,
6787,海砂屋 
6788,定型化 
6789,內政部 不動產 契約書 
6790,審閱期 消費者 
6791,斡旋金 
6792,不動產 經紀業 
6793,不動產 經紀業 所在地 直轄市 
6794,不動產 經紀業 
6795,不動產 營業員 
6796,消費者 不動產 
6797,停車位 
6798,地政士 
6799,地政士 
6800,地政士 
6801,
6802,董事會 簽到簿 
6803,監察人 
6804,
6805,審查費 
6806,廣告板 
6807,
6808,
6809,自行車 
6810,通知單 變更為 
6811,夾層屋 
6812,審閱權 不動產 
6813,一般人 
6814,不動產 
6815,
6816,
6817,
6818,
6819,
6820,
6821,
6822,
6823,
6824,空屋稅 
6825,警察局 監理站 環保局 排氣管 
6826,危險性 合格證 
6827,協議書 
6828,時效性 
6829,工作站 
6830,
6831,處理廠 
6832,處理廠 
6833,
6834,
6835,商業處 
6836,
6837,
6838,
6839,販賣機 
6840,不動產 經紀人 
6841,基金會 
6842,
6843,個月繳 營業稅 
6844,
6845,
6846,
6847,申請人 申請人 
6848,
6849,
6850,資本額 
6851,所在地 登記證 
6852,負責人 外國人 
6853,負責人 合夥人 
6854,
6855,
6856,
6857,
6858,
6859,臺北市 工作室 
6860,
6861,阿拉伯 
6862,
6863,之特取 
6864,中盤商 小吃店 進出貨 
6865,
6866,資本額 
6867,所在地 
6868,
6869,
6870,合夥人 
6871,變更為 
6872,
6873,
6874,
6875,
6876,
6877,區公所 
6878,
6879,
6880,
6881,捷運站 
6882,有沒有 
6883,固定式 起重機 
6884,
6885,移動式 起重機 時所採 
6886,起重機 
6887,拖吊車 條所稱 危險性 
6888,委員會 
6889,
6890,停車場 
6891,NGO 
6892,
6893,
6894,職業病 
6895,
6896,
6897,檢查法 
6898,挖土機 起重機 駕駛室 安全帽 
6899,
6900,
6901,
6902,
6903,協議書 
6904,
6905,新一代 
6906,
6907,保護法 
6908,保護法 
6909,保護法 保險費 
6910,保護法 
6911,基準法 
6912,保護法 
6913,
6914,
6915,
6916,
6917,
6918,
6919,保護法 
6920,
6921,
6922,
6923,
6924,保護法 
6925,
6926,保護法 
6927,
6928,
6929,應由何 
6930,
6931,保險費 保險費 
6932,
6933,
6934,停車位 
6935,
6936,
6937,
6938,
6939,
6940,
6941,檢查員 
6942,
6943,
6944,
6945,
6946,
6947,
6948,臺北市 抽水站 
6949,
6950,
6951,移動式 施工架 
6952,
6953,所在地 戶政所 
6954,環保局 拍賣場 
6955,環保局 可開單 
6956,補償金 
6957,
6958,
6959,技術員 
6960,
6961,
6962,
6963,停車場 
6964,臺北市 
6965,基地台 電磁波 
6966,
6967,
6968,
6969,大清早 
6970,
6971,狗叫聲 
6972,管制區 
6973,汽機車 
6974,
6975,演唱會 
6976,
6977,
6978,
6979,
6980,
6981,
6982,汽機車 消音器 
6983,販賣業 
6984,製造業 
6985,
6986,噪音源 
6987,空污費 
6988,
6989,研考會 
6990,資本額 
6991,監察人 
6992,
6993,建築物 須兩個 
6994,董監事 
6995,董監事 
6996,工作室 
6997,
6998,臺北市 有沒有 成年禮 
6999,台北市 合作社 財政局 
7000,之二位 
7001,監護權 監護權 
7002,
7003,行政區 
7004,外國人 身分證 
7005,
7006,
7007,臺北市 事務所 
7008,房屋稅 
7009,坐月子 
7010,
7011,捐贈卡 
7012,
7013,
7014,經理人 經理人 
7015,地下街 
7016,淡水河 基隆河 
7017,動物園 
7018,摩托車 
7019,斷路器 
7020,第一項 
7021,營造廠 
7022,勞檢處 
7023,拍攝成 錄影帶 
7024,勞檢處 新法規 
7025,流動性 
7026,各分項 
7027,負責人 
7028,協議書 判決書 書有何 
7029,身分證 身分證 
7030,
7031,承包商 
7032,自來水 下水道 使用費 
7033,地下室 化糞池 下水道 使用費 
7034,遊戲機 遊戲機 
7035,
7036,
7037,青少年 
7038,臺北市 
7039,臺北市 停車費 
7040,廢棄物 獎勵金 
7041,
7042,廢棄物 處理場 山豬窟 游泳池 
7043,廢棄物 處理場 山豬窟 游泳池 
7044,廢棄物 處理場 山豬窟 游泳池 
7045,廢棄物 處理場 山豬窟 游泳池 
7046,登記書 
7047,事務所 
7048,
7049,
7050,
7051,住宅區 附條件 事務所 
7052,
7053,哪一條 停車位 識別證 
7054,
7055,
7056,台北市 基金會 
7057,身分證 身分證 身分證 
7058,
7059,
7060,上廁所 
7061,
7062,第三胎 
7063,
7064,
7065,
7066,監察人 
7067,
7068,
7069,臺北市 市政府 
7070,負責人 
7071,負責人 
7072,
7073,
7074,
7075,
7076,
7077,
7078,
7079,
7080,消防栓 
7081,緩降機 
7082,
7083,
7084,
7085,119 救護車 
7086,復甦術 CPR 
7087,呼吸道 
7088,
7089,
7090,
7091,
7092,有人要 
7093,
7094,身分證 居留證 身分證 
7095,
7096,身分證 
7097,
7098,哪些稅 
7099,哪些稅 地方稅 
7100,
7101,承裝業 
7102,排水孔 
7103,下水道 
7104,
7105,
7106,臺北市 
7107,臺北市 主計處 
7108,臺北市 人口數 
7109,總決算 
7110,臺北市 總決算 
7111,臺北市 
7112,
7113,
7114,臺北市 總預算 
7115,特別費 
7116,預算案 
7117,
7118,
7119,預算案 
7120,
7121,總預算 
7122,臺北市 
7123,
7124,臺北市 工程處 
7125,停車費 停車單 催繳單 
7126,准演證 
7127,各票種 
7128,臺北市 敬老卡 愛心卡 陪伴卡 
7129,團體票 
7130,悠遊卡 加值機 
7131,臺北市 
7132,臺北市 
7133,下水道 
7134,
7135,數位化 
7136,無線電 
7137,
7138,內湖線 
7139,
7140,
7141,月台門 
7142,
7143,好玩卡 
7144,
7145,監察人 如由原 代表人 監察人 代表人 
7146,
7147,
7148,
7149,
7150,
7151,防盜器 
7152,
7153,臺北市 
7154,臺北市 
7155,
7156,駕駛人 
7157,動物園 
7158,有沒有 
7159,動物園 
7160,嬰幼兒 
7161,動物園 飲水機 
7162,動物園 小黑蚊 那麼多 有沒有 
7163,動物園 
7164,
7165,動物園 
7166,動物園 有寄物 
7167,動物園 
7168,
7169,
7170,
7171,單程票 悠遊卡 有什麼 
7172,
7173,
7174,
7175,顯示器 
7176,電聯車 腳踏車 
7177,
7178,
7179,
7180,
7181,文湖線 木柵線 差異性 
7182,新莊線 蘆洲線 
7183,環狀線 
7184,板南線 淡水線 
7185,
7186,
7187,
7188,疏散門 
7189,
7190,放風箏 
7191,
7192,供應給 電聯車 
7193,變電站 安全性 
7194,變電站 電磁波 
7195,直流電 電聯車 電聯車 
7196,變電站 電磁場 
7197,都會區 
7198,
7199,
7200,水費單 
7201,採何種 
7202,單程票 
7203,停車場 
7204,停車位 
7205,臺北市 停車格 停車場 
7206,悠遊卡 繳費機 
7207,
7208,小孩子 停車位 識別證 
7209,
7210,停車格 繳費單 
7211,
7212,識別證 
7213,悠遊卡 愛心卡 
7214,身分證 
7215,
7216,
7217,負責人 
7218,計程車 
7219,停車位 識別證 
7220,識別證 
7221,識別證 通知單 
7222,停車場 
7223,停車格 
7224,停車場 
7225,停車場 
7226,工程處 標誌牌 
7227,停車場 
7228,停車位 
7229,停車位 
7230,停車格 標誌牌 
7231,
7232,通知單 
7233,違規單 
7234,
7235,
7236,
7237,助理員 助理員 
7238,選擇性 
7239,
7240,天內會 
7241,停車格 
7242,停車格 
7243,停車費 通知單 
7244,
7245,停車費 催繳單 
7246,廣告車 停車格 停管處 
7247,停車場 申請案 
7248,藝術村 
7249,
7250,
7251,通知書 
7252,
7253,應向何 
7254,
7255,焚化廠 
7256,臺北市 
7257,
7258,
7259,
7260,環保局 
7261,
7262,採購案 
7263,押標金 
7264,押標金 保證金 保證金 保證金 
7265,
7266,
7267,
7268,
7269,
7270,陳情書 訴願書 
7271,通知單 臺北市 定檢站 外縣市 
7272,通知單 
7273,罰多少 
7274,焚化廠 
7275,焚化廠 戴奧辛 
7276,焚化廠 廢棄物 
7277,焚化廠 廢棄物 
7278,焚化廠 廢棄物 
7279,福德坑 廢棄物 處理場 廢棄物 處理場 
7280,廢棄物 廢棄物 處理場 
7281,廢棄物 處理場 閱覽室 
7282,廢棄物 處理場 健身房 舞蹈室 
7283,焚化廠 
7284,焚化廠 
7285,焚化廠 
7286,焚化廠 
7287,木柵廠 游泳池 
7288,焚化廠 戴奧辛 
7289,焚化廠 戴奧辛 
7290,焚化廠 廢棄物 
7291,焚化廠 廢棄物 
7292,焚化廠 廢棄物 
7293,焚化廠 
7294,木柵廠 游泳池 
7295,
7296,
7297,
7298,塑膠袋 
7299,環保局 通知單 
7300,
7301,冷氣機 
7302,法有何 
7303,一般人 
7304,內政部 
7305,臺北市 警察局 警察隊 
7306,關係人 關係人 
7307,
7308,監察人 代理人 
7309,
7310,
7311,臺北市 商業處 
7312,承辦人 
7313,
7314,
7315,
7316,
7317,商業處 哪一個 哪一個 
7318,
7319,
7320,監察人 
7321,
7322,
7323,收件人 
7324,證明書 證明書 證明書 
7325,證明書 
7326,
7327,董監事 
7328,
7329,登記表 證明書 
7330,
7331,
7332,分公司 所在地 所在地 
7333,臺北市 商業處 
7334,
7335,性騷擾 
7336,
7337,
7338,補助款 
7339,
7340,
7341,環保局 
7342,
7343,臺北市 自行車 租借站 
7344,高灘地 
7345,
7346,環保局 
7347,沙塵暴 沙塵暴 
7348,
7349,廢棄物 獎勵金 
7350,清潔箱 
7351,臺北市 環保局 
7352,環保局 
7353,清潔箱 
7354,回收物 
7355,臺北市 環保局 廢棄物 有什麼 
7356,廣告物 
7357,廢棄物 
7358,代清除 
7359,檢舉人 
7360,環保局 垃圾車 
7361,
7362,
7363,污染源 許可證 
7364,污染源 許可證 
7365,
7366,化糞池 
7367,
7368,化糞池 
7369,
7370,
7371,應向何 
7372,
7373,補償費 
7374,
7375,冷氣機 
7376,防盜器 
7377,空污費 
7378,空污費 
7379,空污費 
7380,空污費 有什麼 
7381,空污費 
7382,烏賊車 
7383,環保局 
7384,柴油車 通知書 
7385,檢驗站 
7386,通知單 
7387,通知單 
7388,臺北市 多少處 
7389,
7390,
7391,
7392,販賣業 
7393,山坡地 
7394,系統圖 
7395,
7396,防火巷 排水溝 
7397,
7398,
7399,
7400,下水道 
7401,建造物 
7402,大稻埕 
7403,
7404,臺北市 稅捐處 
7405,牌照稅 
7406,訴願書 
7407,義務人 
7408,房屋稅 地價稅 牌照稅 
7409,美術館 
7410,義務人 
7411,
7412,
7413,博物館 
7414,藝文館 
7415,
7416,文化局 
7417,文化局 保證金 使用費 
7418,文化局 
7419,文化局 
7420,
7421,
7422,
7423,
7424,
7425,
7426,
7427,
7428,藝術村 
7429,分公司 債權人 稽徵處 債務人 
7430,債權人 稽徵處 債務人 
7431,稽徵處 
7432,稽徵處 
7433,稽徵處 
7434,代理人 
7435,
7436,臺北市 稅捐處 
7437,泡水車 牌照稅 
7438,截止日 
7439,
7440,
7441,會不會 
7442,有沒有 
7443,
7444,
7445,
7446,
7447,臺北市 
7448,
7449,
7450,
7451,
7452,臺北市 
7453,
7454,
7455,
7456,
7457,義務人 
7458,地價稅 
7459,基金會 
7460,臺北市 基金會 
7461,所有人 牌照稅 
7462,牌照稅 應由何 
7463,牌照稅 
7464,牌照稅 
7465,增值稅 有什麼 
7466,
7467,要不要 增值稅 
7468,
7469,
7470,
7471,
7472,增值稅 
7473,有沒有 增值稅 
7474,保留地 要不要 增值稅 
7475,增值稅 
7476,增值稅 義務人 
7477,地價稅 
7478,占有人 地價稅 
7479,地價稅 
7480,地價稅 
7481,地價稅 有沒有 
7482,地價稅 
7483,地價稅 稅捐處 
7484,地價稅 
7485,地價稅 
7486,地價稅 
7487,地價稅 
7488,管制區 地價稅 
7489,地價稅 
7490,
7491,會不會 地價稅 
7492,地價稅 
7493,地價稅 
7494,地價稅 納稅人 
7495,地價稅 明細表 
7496,地價稅 
7497,地價稅 
7498,保留地 地價稅 
7499,會不會 地價稅 
7500,地價稅 
7501,地價稅 
7502,地價稅 
7503,臺北市 桃園縣 臺北市 
7504,地價稅 
7505,地價稅 
7506,地價稅 
7507,出租給 廣告牌 地價稅 
7508,地價稅 
7509,那一年 地價稅 
7510,地價稅 
7511,保留地 地價稅 
7512,地價稅 
7513,地價稅 
7514,地價稅 
7515,房屋稅 
7516,契約書 要不要 區公所 
7517,
7518,
7519,所有權 
7520,
7521,
7522,
7523,
7524,
7525,
7526,遺產稅 要不要 
7527,要不要 
7528,要不要 
7529,
7530,
7531,
7532,房屋稅 
7533,房屋稅 
7534,房屋稅 
7535,房屋稅 
7536,房屋稅 
7537,
7538,房屋稅 
7539,
7540,
7541,
7542,
7543,房屋稅 
7544,房屋稅 
7545,房屋稅 
7546,義務人 所在地 房屋稅 
7547,房屋稅 義務人 
7548,房屋稅 
7549,房屋稅 
7550,手工藝 房屋稅 
7551,計程車 房屋稅 
7552,房屋稅 
7553,房屋稅 
7554,要不要 房屋稅 
7555,要不要 房屋稅 
7556,要不要 房屋稅 
7557,游泳池 要不要 房屋稅 
7558,要不要 房屋稅 
7559,房屋稅 
7560,
7561,地價稅 有什麼 
7562,
7563,欠稅人 法務部 執行署 
7564,牌照稅 
7565,娛樂稅 臨時性 
7566,娛樂稅 存根聯 
7567,娛樂稅 招待券 
7568,算不算 娛樂稅 
7569,稅捐處 娛樂稅 
7570,娛樂稅 娛樂稅 
7571,臺北市 臨時性 娛樂稅 
7572,娛樂稅 臺北市 
7573,臨時性 娛樂稅 
7574,娛樂稅 營業人 
7575,娛樂稅 臨時性 
7576,娛樂稅 娛樂業 
7577,娛樂稅 
7578,娛樂稅 
7579,娛樂稅 
7580,娛樂稅 臨時性 
7581,娛樂稅 臨時性 
7582,娛樂稅 
7583,娛樂稅 
7584,娛樂稅 
7585,娛樂稅 
7586,有沒有 娛樂稅 
7587,娛樂稅 臨時性 
7588,娛樂稅 
7589,經常性 娛樂稅 
7590,基金會 捐贈給 基金會 娛樂稅 
7591,臺北市 要不要 娛樂稅 
7592,臺北市 稅捐處 法務部 執行署 
7593,臺北市 稅捐處 法務部 執行署 
7594,臨時性 要不要 娛樂稅 
7595,臨時性 娛樂稅 
7596,臨時性 娛樂稅 
7597,娛樂稅 
7598,娛樂稅 
7599,娛樂稅 
7600,俱樂部 外縣市 總公司 臺北市 娛樂稅 
7601,娛樂稅 
7602,臺北市 娛樂稅 徵收率 
7603,稽徵處 債務人 
7604,稽徵處 債務人 
7605,抵押物 或質物 稽徵處 債務人 
7606,債務人 第三人 稽徵處 第三人 
7607,債權人 稽徵處 債務人 
7608,債權人 稽徵處 債務人 保證人 
7609,所得稅 問哪個 
7610,
7611,遺產稅 
7612,會不會 贈與稅 
7613,贈與稅 
7614,存多少 
7615,游泳池 娛樂稅 
7616,掌中戲 布袋戲 娛樂稅 
7617,交易稅 
7618,娛樂稅 國語片 國語片 
7619,入會費 保證金 娛樂稅 
7620,游泳池 要不要 娛樂稅 
7621,臺北市 稅捐處 
7622,臺北市 稅捐處 
7623,臺北市 稅捐處 
7624,要不要 娛樂稅 
7625,戲劇院 音樂廳 要不要 娛樂稅 
7626,薪津中 要不要 娛樂稅 
7627,福利金 要不要 娛樂稅 
7628,教育館 博物館 電影院 要不要 娛樂稅 
7629,水族館 文物展 要不要 娛樂稅 
7630,要不要 娛樂稅 
7631,要不要 娛樂稅 
7632,臺北市 稅捐處 
7633,臺北市 稅捐處 
7634,臺北市 稅捐處 
7635,臺北市 稅捐處 
7636,臺北市 稅捐處 
7637,臺北市 稅捐處 
7638,臺北市 稅捐處 
7639,臺北市 稽徵處 
7640,營業稅 
7641,
7642,繳的稅 
7643,所得稅 
7644,所得稅 
7645,代表人 
7646,
7647,
7648,
7649,登記證 
7650,
7651,牌照稅 
7652,
7653,
7654,
7655,要不要 印花稅 
7656,要不要 印花稅 
7657,印花稅 
7658,印花稅 
7659,印花稅 
7660,印花稅 
7661,印花稅 
7662,
7663,印花稅 
7664,印花稅 票後要 
7665,總金額 
7666,
7667,契約書 印花稅 
7668,
7669,具二份 
7670,契約書 
7671,印花稅 
7672,印花稅 
7673,印花稅 印花稅 
7674,印花稅 
7675,印花稅 
7676,要不要 印花稅 
7677,印花稅 
7678,退休金 養老金 要不要 印花稅 
7679,要不要 印花稅 
7680,總公司 分公司 要不要 印花稅 
7681,補習班 要不要 印花稅 
7682,公私立 印花稅 
7683,印花稅 
7684,鐘點費 要不要 印花稅 
7685,
7686,要不要 印花稅 
7687,印花稅 
7688,獎學金 要不要 印花稅 獎學金 印花稅 
7689,調解書 不動產 要不要 印花稅 
7690,判決書 證明書 不動產 要不要 印花稅 
7691,協議書 要不要 印花稅 
7692,保證金 要不要 印花稅 
7693,要不要 印花稅 
7694,要不要 印花稅 
7695,要不要 印花稅 
7696,安親班 要不要 印花稅 
7697,托兒所 幼稚園 要不要 印花稅 
7698,委員會 管理費 要不要 印花稅 
7699,印花稅 
7700,提款機 要不要 印花稅 
7701,入會費 要不要 印花稅 
7702,要不要 印花稅 
7703,捐贈給 要不要 印花稅 
7704,捐贈給 候選人 要不要 印花稅 
7705,不動產 要不要 印花稅 
7706,營業人 要不要 印花稅 
7707,要不要 印花稅 
7708,外國人 要不要 印花稅 
7709,不動產 印花稅 義務人 
7710,印花稅 義務人 
7711,印花稅 義務人 
7712,印花稅 
7713,不動產 契約書 印花稅 
7714,印花稅 
7715,印花稅 
7716,印花稅 
7717,押標金 印花稅 
7718,印花稅 
7719,印花稅 
7720,擔保品 
7721,擔保品 
7722,擔保品 
7723,擔保品 
7724,擔保品 
7725,擔保品 
7726,擔保品 
7727,擔保品 
7728,不動產 擔保品 
7729,
7730,
7731,
7732,
7733,
7734,負責人 
7735,負責人 
7736,
7737,欠稅人 
7738,義務人 地方稅 
7739,
7740,
7741,
7742,行政區 
7743,
7744,賽車場 要不要 娛樂稅 
7745,機動式 滑水道 滑草場 要不要 娛樂稅 
7746,大頭貼 要不要 娛樂稅 
7747,要不要 娛樂稅 
7748,服務業 咖啡店 要不要 娛樂稅 
7749,要不要 娛樂稅 
7750,要不要 娛樂稅 
7751,要不要 娛樂稅 
7752,使用費 要不要 娛樂稅 
7753,練習場 要不要 娛樂稅 
7754,俱樂部 會員證 手續費 要不要 娛樂稅 
7755,俱樂部 要不要 娛樂稅 
7756,俱樂部 要不要 娛樂稅 
7757,娛樂稅 
7758,校友會 要不要 娛樂稅 
7759,要不要 娛樂稅 
7760,俱樂部 入場費 要不要 娛樂稅 
7761,俱樂部 要不要 娛樂稅 
7762,俱樂部 要不要 娛樂稅 
7763,俱樂部 保證金 要不要 娛樂稅 
7764,娛樂稅 
7765,娛樂稅 
7766,娛樂稅 會不會 獎勵金 
7767,截止日 娛樂稅 獎勵金 
7768,娛樂稅 有沒有 
7769,娛樂稅 職業性 
7770,
7771,牌照稅 
7772,要不要 牌照稅 
7773,牌照稅 滯納金 
7774,牌照稅 義務人 
7775,牌照稅 
7776,
7777,牌照稅 
7778,
7779,牌照稅 
7780,牌照稅 
7781,蔡瑞月 研究社 
7782,
7783,牌照稅 
7784,牌照稅 
7785,
7786,牌照稅 
7787,牌照稅 繳款書 
7788,牌照稅 
7789,牌照稅 
7790,牌照稅 牌照稅 
7791,應向何 
7792,牌照稅 
7793,牌照稅 
7794,
7795,
7796,
7797,
7798,
7799,
7800,里幹事 
7801,
7802,參禮證 
7803,
7804,民政局 身分證 
7805,臺北市 採何種 
7806,
7807,監護權 
7808,
7809,
7810,
7811,
7812,
7813,
7814,
7815,
7816,
7817,
7818,
7819,
7820,臺北市 臺北市 
7821,
7822,
7823,臺北市 
7824,父母親 
7825,
7826,父母親 臺北市 
7827,祖父母 祖父母 臺北市 父母親 外縣市 
7828,
7829,
7830,
7831,衛生局 提供給 臺北市 
7832,臺北市 
7833,臺北市 衛生局 
7834,臺北市 
7835,
7836,中英文 
7837,
7838,登革熱 
7839,
7840,醫檢師 放射師 
7841,醫檢師 放射師 
7842,心血管 防治網 
7843,
7844,消費者 
7845,
7846,
7847,
7848,
7849,雙胞胎 
7850,臺北市 
7851,臺北市 
7852,復甦術 CPR 
7853,復甦術 CPR 
7854,救護車 
7855,救護車 
7856,臺北市 救護車 
7857,救護車 
7858,
7859,心理師 
7860,
7861,臺北市 
7862,
7863,
7864,
7865,服務員 技術士 
7866,服務員 
7867,失能者 臨時性 
7868,
7869,掛號費 
7870,
7871,
7872,坐月子 
7873,坐月子 
7874,臺北市 
7875,坐月子 
7876,
7877,
7878,
7879,病床數 
7880,
7881,
7882,失能者 安養護 衛生局 
7883,
7884,
7885,
7886,
7887,
7888,
7889,美容業 
7890,營養師 護理師 心理師 
7891,
7892,須先經 
7893,因本院 
7894,勞動部 
7895,教職員 
7896,
7897,
7898,
7899,
7900,服務隊 
7901,營養師 護理師 心理師 
7902,子宮頸 
7903,營養師 
7904,營養師 心理師 
7905,營養師 心理師 申請書 
7906,營養師 護理師 心理師 
7907,營養師 護理師 心理師 
7908,營養師 護理師 心理師 
7909,
7910,
7911,許可證 
7912,
7913,營養師 心理師 
7914,消費者 
7915,營養師 護理師 心理師 
7916,
7917,
7918,
7919,中如有 拉肚子 
7920,
7921,有沒有 出血性 結膜炎 紅眼症 腸病毒 
7922,不動產 財產局 
7923,替代役 工作坊 語言班 語言班 
7924,市議會 工作坊 語言班 語言班 
7925,工作坊 語言班 語言班 
7926,臺北市 工作坊 語言班 語言班 
7927,工作坊 語言班 語言班 
7928,之何種 工作坊 語言班 語言班 
7929,工作坊 語言班 語言班 
7930,工作坊 語言班 語言班 
7931,工作坊 語言班 語言班 
7932,工作坊 語言班 語言班 
7933,工作坊 語言班 語言班 補助費 
7934,工作坊 語言班 語言班 
7935,工作坊 語言班 語言班 
7936,工作坊 語言班 語言班 
7937,工作坊 語言班 語言班 以什麼 
7938,工作坊 語言班 語言班 
7939,工作坊 語言班 語言班 
7940,臺北市 居住地 夜間班 
7941,保證金 
7942,
7943,停車位 
7944,自行車 停車場 監視器 
7945,時有何 
7946,
7947,司機員 
7948,
7949,司機員 
7950,
7951,開關門 
7952,開關門 
7953,MRT 
7954,文湖線 時有何 
7955,
7956,隔音牆 
7957,
7958,
7959,
7960,文湖線 有多數 
7961,
7962,
7963,
7964,
7965,顯示器 
7966,電扶梯 
7967,
7968,投幣式 
7969,
7970,
7971,出入口 宣傳品 
7972,
7973,悠遊卡 
7974,
7975,電扶梯 
7976,置物櫃 
7977,博愛座 博愛座 
7978,敬老卡 愛心卡 
7979,
7980,
7981,
7982,
7983,
7984,
7985,
7986,
7987,事務所 
7988,北北桃 地籍圖 成果圖 用戶端 
7989,三七五 變更為 出租人 承租人 
7990,出租人 承租人 
7991,
7992,
7993,出租人 承租人 
7994,不動產 經紀業 
7995,不動產 經紀業 
7996,不動產 
7997,外國人 經紀人 
7998,不動產 經紀人 
7999,臺北市 事務所 地籍圖 成果圖 
8000,有什麼 
8001,改良物 補償費 
8002,改良物 補償費 
8003,補償費 
8004,補償費 
8005,補償費 
8006,補償費 
8007,
8008,
8009,
8010,不動產 
8011,臺北市 事務所 
8012,地建號 
8013,不動產 
8014,不動產 遺產稅 
8015,繼承人 
8016,申請書 
8017,不動產 繼承人 繼承人 遺產稅 國稅局 事務所 不動產 
8018,地政士 
8019,臺北市 
8020,事務所 
8021,申請書 
8022,申請人 
8023,
8024,
8025,繼承人 
8026,證明書 
8027,遺產稅 
8028,不動產 所有權 不動產 
8029,假扣押 
8030,
8031,繼承人 不動產 
8032,地政士 
8033,地政士 事務所 遷移至 事務所 所在地 直轄市 
8034,第一次 
8035,
8036,合併有 
8037,地籍圖 
8038,
8039,繼承人 第一次 
8040,繼承人 繼承人 
8041,
8042,
8043,補償費 
8044,
8045,
8046,
8047,改良物 申請人 
8048,關係人 補償額 
8049,直轄市 
8050,
8051,
8052,臺北市 臺北市 
8053,社子島 
8054,
8055,地形圖 影像圖 空照圖 航照圖 航測圖 
8056,
8057,重劃區 
8058,
8059,退休金 
8060,之一次 
8061,
8062,約聘僱 當事人 
8063,
8064,問答集 
8065,
8066,
8067,
8068,
8069,
8070,保險費 
8071,
8072,
8073,
8074,當事人 
8075,當事人 身分證 
8076,
8077,
8078,
8079,
8080,
8081,區公所 
8082,
8083,
8084,
8085,
8086,
8087,身分證 
8088,身分證 配偶欄 
8089,身分證 
8090,
8091,
8092,不見了 
8093,
8094,
8095,小朋友 新生兒 
8096,
8097,
8098,身分證 
8099,外國人 身分證 
